Episode,Total Reward,Fruits Collected,Survival Time
0,-11.5,0,16
1,89.5,1,6
2,-11.4,0,15
3,-10.2,0,3
4,-10.2,0,3
5,-10.0,0,1
6,89.7,1,4
7,-10.7,0,8
8,-10.6,0,7
9,-11.2,0,13
10,-10.5,0,6
11,-10.3,0,4
12,-10.6,0,7
13,-10.7,0,8
14,-11.2,0,13
15,88.10000000000007,1,20
16,-10.0,0,1
17,-10.8,0,9
18,-10.3,0,4
19,-10.2,0,3
20,-10.1,0,2
21,88.40000000000009,1,17
22,-10.5,0,6
23,87.60000000000008,1,25
24,-11.9,0,20
25,-12.0,0,21
26,-10.2,0,3
27,-10.1,0,2
28,-10.0,0,1
29,-10.2,0,3
30,-11.5,0,16
31,-10.4,0,5
32,-10.1,0,2
33,-11.4,0,15
34,-10.8,0,9
35,-10.5,0,6
36,-10.1,0,2
37,-10.5,0,6
38,-10.8,0,9
39,-10.6,0,7
40,-10.4,0,5
41,-10.4,0,5
42,-11.3,0,14
43,-10.1,0,2
44,-10.5,0,6
45,-10.7,0,8
46,-10.4,0,5
47,-10.3,0,4
48,-10.0,0,1
49,-10.9,0,10
50,-10.3,0,4
51,-11.700000000000001,0,18
52,-10.7,0,8
53,-11.1,0,12
54,-10.5,0,6
55,-10.2,0,3
56,-12.5,0,26
57,-10.2,0,3
58,-10.0,0,1
59,89.20000000000003,1,9
60,-10.5,0,6
61,-10.2,0,3
62,-10.0,0,1
63,-10.0,0,1
64,-10.9,0,10
65,-10.3,0,4
66,-11.0,0,11
67,-10.2,0,3
68,-10.0,0,1
69,-10.7,0,8
70,-11.0,0,11
71,89.10000000000002,1,10
72,-10.1,0,2
73,-10.8,0,9
74,-10.3,0,4
75,-10.8,0,9
76,-10.8,0,9
77,-10.1,0,2
78,89.10000000000001,1,10
79,-11.0,0,11
80,-10.7,0,8
81,-10.6,0,7
82,-11.4,0,15
83,89.10000000000002,1,10
84,-10.8,0,9
85,-10.5,0,6
86,-10.8,0,9
87,-10.4,0,5
88,-10.7,0,8
89,-10.9,0,10
90,-10.2,0,3
91,-10.3,0,4
92,-11.1,0,12
93,-10.2,0,3
94,-11.1,0,12
95,-10.7,0,8
96,-10.5,0,6
97,-10.3,0,4
98,-10.4,0,5
99,-10.2,0,3
100,-10.5,0,6
101,-10.8,0,9
102,-10.5,0,6
103,-11.3,0,14
104,-10.2,0,3
105,-11.1,0,12
106,-10.4,0,5
107,-10.7,0,8
108,-10.6,0,7
109,-10.7,0,8
110,-10.8,0,9
111,-10.1,0,2
112,-10.1,0,2
113,-10.5,0,6
114,-10.8,0,9
115,-10.5,0,6
116,-10.0,0,1
117,-10.5,0,6
118,-10.1,0,2
119,-10.1,0,2
120,-10.2,0,3
121,-11.0,0,11
122,-10.0,0,1
123,-11.2,0,13
124,-10.3,0,4
125,-10.4,0,5
126,-10.2,0,3
127,89.20000000000002,1,9
128,-10.1,0,2
129,-10.5,0,6
130,-10.0,0,1
131,-10.5,0,6
132,-10.9,0,10
133,-10.3,0,4
134,-10.4,0,5
135,-10.5,0,6
136,-10.1,0,2
137,-10.6,0,7
138,-10.4,0,5
139,-10.0,0,1
140,-10.3,0,4
141,-10.7,0,8
142,-10.0,0,1
143,-10.5,0,6
144,-10.6,0,7
145,-10.9,0,10
146,-10.7,0,8
147,-10.4,0,5
148,-11.1,0,12
149,-10.6,0,7
150,-10.2,0,3
151,-10.8,0,9
152,-10.3,0,4
153,89.00000000000001,1,11
154,-10.5,0,6
155,-10.8,0,9
156,89.10000000000005,1,10
157,-10.2,0,3
158,-10.5,0,6
159,-10.7,0,8
160,-10.6,0,7
161,-11.0,0,11
162,-10.8,0,9
163,-10.2,0,3
164,-10.5,0,6
165,-10.4,0,5
166,-10.8,0,9
167,-10.7,0,8
168,-10.5,0,6
169,-11.0,0,11
170,-10.6,0,7
171,-10.5,0,6
172,-10.7,0,8
173,-10.1,0,2
174,-10.4,0,5
175,-10.1,0,2
176,-11.0,0,11
177,-10.3,0,4
178,-10.0,0,1
179,-10.0,0,1
180,89.10000000000002,1,10
181,-10.5,0,6
182,-10.8,0,9
183,-10.7,0,8
184,-10.1,0,2
185,-10.8,0,9
186,-10.7,0,8
187,-10.9,0,10
188,-10.0,0,1
189,-10.0,0,1
190,-10.3,0,4
191,-10.5,0,6
192,-10.4,0,5
193,-10.8,0,9
194,-10.2,0,3
195,-10.2,0,3
196,-10.0,0,1
197,-12.0,0,21
198,-10.1,0,2
199,-10.0,0,1
200,-10.6,0,7
201,-10.2,0,3
202,-10.7,0,8
203,-10.5,0,6
204,-10.6,0,7
205,-10.1,0,2
206,-10.5,0,6
207,-10.3,0,4
208,-10.7,0,8
209,-11.0,0,11
210,-11.3,0,14
211,87.90000000000005,1,22
212,-10.8,0,9
213,-10.5,0,6
214,-10.6,0,7
215,-10.7,0,8
216,-10.7,0,8
217,-10.6,0,7
218,-10.3,0,4
219,-10.0,0,1
220,-10.7,0,8
221,-10.9,0,10
222,-11.2,0,13
223,-11.0,0,11
224,-10.5,0,6
225,-10.3,0,4
226,-10.2,0,3
227,-10.5,0,6
228,-10.1,0,2
229,-11.0,0,11
230,89.30000000000003,1,8
231,-10.1,0,2
232,-10.4,0,5
233,89.10000000000002,1,10
234,-11.1,0,12
235,-10.7,0,8
236,-10.4,0,5
237,-10.0,0,1
238,-11.0,0,11
239,-10.3,0,4
240,-11.5,0,16
241,-10.2,0,3
242,-10.0,0,1
243,-10.4,0,5
244,-10.5,0,6
245,-10.8,0,9
246,-11.0,0,11
247,-10.3,0,4
248,-10.7,0,8
249,-10.0,0,1
250,-10.4,0,5
251,-10.7,0,8
252,-10.2,0,3
253,-10.9,0,10
254,-11.0,0,11
255,-10.5,0,6
256,-10.0,0,1
257,-10.9,0,10
258,-10.1,0,2
259,-10.5,0,6
260,-10.9,0,10
261,-11.0,0,11
262,-10.1,0,2
263,-10.5,0,6
264,-10.2,0,3
265,-10.4,0,5
266,-11.0,0,11
267,-10.1,0,2
268,-10.1,0,2
269,-10.4,0,5
270,-10.2,0,3
271,-10.6,0,7
272,-10.0,0,1
273,-11.1,0,12
274,-10.3,0,4
275,-10.6,0,7
276,-10.1,0,2
277,-10.8,0,9
278,-10.2,0,3
279,-10.8,0,9
280,-10.0,0,1
281,89.60000000000002,1,5
282,-10.6,0,7
283,-10.1,0,2
284,-10.4,0,5
285,-10.3,0,4
286,-10.7,0,8
287,-10.4,0,5
288,-10.9,0,10
289,-10.2,0,3
290,-10.3,0,4
291,-10.4,0,5
292,-10.6,0,7
293,-10.1,0,2
294,-10.3,0,4
295,-11.0,0,11
296,-10.5,0,6
297,-10.0,0,1
298,-10.5,0,6
299,-10.8,0,9
300,-10.6,0,7
301,-10.4,0,5
302,-10.4,0,5
303,-10.0,0,1
304,-10.7,0,8
305,-10.4,0,5
306,-10.4,0,5
307,-10.6,0,7
308,-10.4,0,5
309,-10.5,0,6
310,-10.5,0,6
311,-10.0,0,1
312,-10.0,0,1
313,-10.1,0,2
314,-10.3,0,4
315,-10.2,0,3
316,-10.0,0,1
317,-10.8,0,9
318,-10.9,0,10
319,-10.8,0,9
320,-10.2,0,3
321,-10.2,0,3
322,-10.2,0,3
323,-10.5,0,6
324,-10.6,0,7
325,-10.1,0,2
326,-10.6,0,7
327,-10.3,0,4
328,-10.9,0,10
329,-10.6,0,7
330,-10.2,0,3
331,-10.0,0,1
332,-10.0,0,1
333,-10.1,0,2
334,-10.6,0,7
335,-10.1,0,2
336,-10.0,0,1
337,-10.6,0,7
338,-10.3,0,4
339,-10.3,0,4
340,-10.3,0,4
341,-10.2,0,3
342,-10.4,0,5
343,-11.1,0,12
344,-10.7,0,8
345,-10.8,0,9
346,-11.1,0,12
347,-10.9,0,10
348,-10.1,0,2
349,89.40000000000003,1,7
350,-10.8,0,9
351,-10.4,0,5
352,-10.6,0,7
353,-10.8,0,9
354,-10.8,0,9
355,-10.1,0,2
356,-10.8,0,9
357,89.00000000000003,1,11
358,-10.1,0,2
359,-11.0,0,11
360,-10.1,0,2
361,-10.5,0,6
362,-10.1,0,2
363,-10.9,0,10
364,-10.0,0,1
365,-10.1,0,2
366,-10.9,0,10
367,-10.5,0,6
368,-10.7,0,8
369,-10.1,0,2
370,-10.2,0,3
371,-10.4,0,5
372,-10.7,0,8
373,-10.7,0,8
374,88.90000000000003,1,12
375,-10.5,0,6
376,-10.2,0,3
377,-10.1,0,2
378,-10.7,0,8
379,-10.6,0,7
380,-11.0,0,11
381,-10.7,0,8
382,-10.5,0,6
383,-10.7,0,8
384,-10.9,0,10
385,-10.9,0,10
386,-10.6,0,7
387,-10.5,0,6
388,-10.3,0,4
389,-10.0,0,1
390,-10.6,0,7
391,-10.0,0,1
392,-10.3,0,4
393,-10.4,0,5
394,-10.8,0,9
395,-10.1,0,2
396,-10.0,0,1
397,-10.1,0,2
398,-10.7,0,8
399,-10.4,0,5
400,-10.3,0,4
401,-10.9,0,10
402,-10.5,0,6
403,-10.3,0,4
404,-10.0,0,1
405,-10.1,0,2
406,-10.8,0,9
407,-10.3,0,4
408,-10.7,0,8
409,-10.9,0,10
410,89.50000000000001,1,6
411,-10.4,0,5
412,-10.2,0,3
413,-11.0,0,11
414,-10.0,0,1
415,89.60000000000002,1,5
416,-10.8,0,9
417,-10.0,0,1
418,-10.6,0,7
419,89.30000000000001,1,8
420,-10.1,0,2
421,-10.1,0,2
422,-10.3,0,4
423,-10.4,0,5
424,-10.9,0,10
425,-10.8,0,9
426,-10.9,0,10
427,-10.9,0,10
428,-11.4,0,15
429,-10.7,0,8
430,-10.9,0,10
431,-10.5,0,6
432,-10.3,0,4
433,-10.4,0,5
434,-10.5,0,6
435,-10.2,0,3
436,-10.9,0,10
437,-10.8,0,9
438,-10.9,0,10
439,-10.5,0,6
440,-10.7,0,8
441,-10.0,0,1
442,-10.0,0,1
443,89.40000000000002,1,7
444,-10.6,0,7
445,-10.8,0,9
446,-10.4,0,5
447,-10.2,0,3
448,89.30000000000001,1,8
449,-10.0,0,1
450,89.30000000000003,1,8
451,-10.8,0,9
452,-10.8,0,9
453,-10.7,0,8
454,-10.2,0,3
455,-10.5,0,6
456,89.30000000000003,1,8
457,-10.6,0,7
458,-10.0,0,1
459,-10.8,0,9
460,-10.2,0,3
461,-10.1,0,2
462,-10.9,0,10
463,-10.3,0,4
464,-10.0,0,1
465,-10.2,0,3
466,-10.4,0,5
467,-10.8,0,9
468,-10.5,0,6
469,-10.8,0,9
470,-10.1,0,2
471,89.80000000000001,1,3
472,-10.1,0,2
473,-10.5,0,6
474,-11.2,0,13
475,-10.2,0,3
476,-11.2,0,13
477,-10.0,0,1
478,-10.6,0,7
479,-10.7,0,8
480,-10.9,0,10
481,-11.0,0,11
482,-10.7,0,8
483,-10.8,0,9
484,-10.6,0,7
485,-10.3,0,4
486,89.60000000000001,1,5
487,-10.3,0,4
488,-10.8,0,9
489,89.50000000000001,1,6
490,-10.1,0,2
491,-10.1,0,2
492,89.50000000000003,1,6
493,-10.7,0,8
494,-10.8,0,9
495,-10.8,0,9
496,-10.4,0,5
497,-10.1,0,2
498,-10.5,0,6
499,-10.0,0,1
500,89.20000000000003,1,9
501,-10.3,0,4
502,-10.4,0,5
503,-10.5,0,6
504,-10.9,0,10
505,-10.6,0,7
506,-10.8,0,9
507,-10.5,0,6
508,-10.7,0,8
509,89.7,1,4
510,-11.1,0,12
511,-11.0,0,11
512,-10.2,0,3
513,-10.9,0,10
514,-10.8,0,9
515,-10.9,0,10
516,-10.8,0,9
517,-10.9,0,10
518,-10.6,0,7
519,-10.1,0,2
520,-10.9,0,10
521,-10.8,0,9
522,-10.0,0,1
523,-10.0,0,1
524,89.20000000000005,1,9
525,-10.1,0,2
526,-10.7,0,8
527,89.70000000000002,1,4
528,-10.7,0,8
529,-10.3,0,4
530,-10.0,0,1
531,-10.4,0,5
532,-10.4,0,5
533,-10.3,0,4
534,-10.8,0,9
535,-10.5,0,6
536,-10.7,0,8
537,-10.5,0,6
538,-10.0,0,1
539,-10.1,0,2
540,-10.2,0,3
541,-10.0,0,1
542,-10.1,0,2
543,-11.0,0,11
544,-10.8,0,9
545,-10.2,0,3
546,-10.9,0,10
547,89.40000000000003,1,7
548,-10.4,0,5
549,-10.4,0,5
550,-10.7,0,8
551,-10.5,0,6
552,-11.6,0,17
553,-10.9,0,10
554,89.4,1,7
555,-10.2,0,3
556,-10.1,0,2
557,-10.1,0,2
558,-10.9,0,10
559,-10.6,0,7
560,-10.1,0,2
561,-10.0,0,1
562,-10.5,0,6
563,-10.7,0,8
564,-10.7,0,8
565,-10.1,0,2
566,-10.2,0,3
567,-10.9,0,10
568,89.40000000000002,1,7
569,-10.3,0,4
570,-10.0,0,1
571,-10.6,0,7
572,89.30000000000003,1,8
573,-10.0,0,1
574,-10.6,0,7
575,-10.6,0,7
576,-10.3,0,4
577,-10.1,0,2
578,-10.7,0,8
579,-10.2,0,3
580,-10.8,0,9
581,-10.8,0,9
582,-10.3,0,4
583,-10.1,0,2
584,-10.4,0,5
585,-10.1,0,2
586,89.40000000000002,1,7
587,-10.3,0,4
588,-10.9,0,10
589,-10.4,0,5
590,-10.8,0,9
591,-10.8,0,9
592,-10.0,0,1
593,89.30000000000001,1,8
594,-10.7,0,8
595,-10.1,0,2
596,-10.4,0,5
597,-10.5,0,6
598,-10.3,0,4
599,-10.7,0,8
600,-10.2,0,3
601,-10.4,0,5
602,-10.3,0,4
603,-10.1,0,2
604,-10.5,0,6
605,-10.9,0,10
606,-10.0,0,1
607,-10.8,0,9
608,-10.9,0,10
609,-11.1,0,12
610,-10.3,0,4
611,-10.5,0,6
612,-10.1,0,2
613,-10.0,0,1
614,-10.2,0,3
615,-10.0,0,1
616,-10.7,0,8
617,-10.3,0,4
618,89.10000000000004,1,10
619,-10.4,0,5
620,-10.5,0,6
621,-10.9,0,10
622,-10.8,0,9
623,-10.0,0,1
624,-10.3,0,4
625,-10.1,0,2
626,-10.9,0,10
627,-10.3,0,4
628,-10.3,0,4
629,-10.3,0,4
630,-10.6,0,7
631,-10.6,0,7
632,-10.8,0,9
633,-10.4,0,5
634,-10.5,0,6
635,-10.2,0,3
636,-10.1,0,2
637,-10.2,0,3
638,-10.7,0,8
639,-10.8,0,9
640,-10.1,0,2
641,-10.5,0,6
642,-10.9,0,10
643,-10.5,0,6
644,-10.5,0,6
645,-10.7,0,8
646,89.30000000000003,1,8
647,-10.2,0,3
648,-10.6,0,7
649,-10.4,0,5
650,-10.6,0,7
651,-10.2,0,3
652,-10.7,0,8
653,-10.1,0,2
654,-10.0,0,1
655,-10.4,0,5
656,-10.2,0,3
657,-10.8,0,9
658,-10.1,0,2
659,-10.1,0,2
660,-10.3,0,4
661,-10.2,0,3
662,-10.1,0,2
663,-10.0,0,1
664,-10.4,0,5
665,-10.9,0,10
666,-10.9,0,10
667,-10.6,0,7
668,89.50000000000003,1,6
669,-10.0,0,1
670,-10.1,0,2
671,-10.0,0,1
672,-10.3,0,4
673,-10.5,0,6
674,-10.0,0,1
675,-10.6,0,7
676,-10.2,0,3
677,-10.2,0,3
678,-10.1,0,2
679,-10.8,0,9
680,-10.8,0,9
681,-10.1,0,2
682,-10.6,0,7
683,-10.9,0,10
684,-10.2,0,3
685,-10.5,0,6
686,-10.8,0,9
687,-10.2,0,3
688,-10.4,0,5
689,-10.1,0,2
690,-10.6,0,7
691,-10.4,0,5
692,-10.9,0,10
693,-10.7,0,8
694,-10.4,0,5
695,-10.0,0,1
696,-10.0,0,1
697,-10.1,0,2
698,-10.1,0,2
699,-10.8,0,9
700,-10.0,0,1
701,89.80000000000001,1,3
702,-10.3,0,4
703,-10.7,0,8
704,-10.2,0,3
705,-10.8,0,9
706,-10.8,0,9
707,-10.2,0,3
708,-10.3,0,4
709,-10.8,0,9
710,-10.1,0,2
711,-10.0,0,1
712,-10.0,0,1
713,189.3,2,8
714,-10.4,0,5
715,-10.9,0,10
716,-10.0,0,1
717,89.30000000000004,1,8
718,-10.9,0,10
719,-10.5,0,6
720,-10.2,0,3
721,-10.0,0,1
722,-10.1,0,2
723,-10.8,0,9
724,-10.7,0,8
725,-10.6,0,7
726,-10.6,0,7
727,-10.2,0,3
728,89.20000000000003,1,9
729,-10.0,0,1
730,-10.2,0,3
731,-10.3,0,4
732,-10.2,0,3
733,-10.3,0,4
734,-10.1,0,2
735,-10.9,0,10
736,-10.9,0,10
737,-10.4,0,5
738,-10.3,0,4
739,-10.6,0,7
740,-10.9,0,10
741,-10.9,0,10
742,-10.2,0,3
743,-10.9,0,10
744,-10.6,0,7
745,-10.5,0,6
746,-10.1,0,2
747,-10.8,0,9
748,-10.5,0,6
749,-10.6,0,7
750,-10.7,0,8
751,-10.8,0,9
752,89.60000000000001,1,5
753,-10.5,0,6
754,-10.9,0,10
755,-10.9,0,10
756,-10.2,0,3
757,-10.1,0,2
758,-10.4,0,5
759,-10.0,0,1
760,-10.7,0,8
761,-10.6,0,7
762,-10.9,0,10
763,-10.8,0,9
764,-10.1,0,2
765,-10.6,0,7
766,-10.5,0,6
767,-10.7,0,8
768,-10.2,0,3
769,-10.8,0,9
770,-10.7,0,8
771,-10.7,0,8
772,-10.5,0,6
773,-10.3,0,4
774,89.20000000000005,1,9
775,-10.4,0,5
776,-10.9,0,10
777,-10.7,0,8
778,-10.5,0,6
779,-10.8,0,9
780,-10.3,0,4
781,-10.5,0,6
782,-10.6,0,7
783,-10.4,0,5
784,-10.9,0,10
785,-10.2,0,3
786,-10.9,0,10
787,-10.4,0,5
788,-10.5,0,6
789,-10.8,0,9
790,-10.2,0,3
791,-10.9,0,10
792,-10.5,0,6
793,-10.2,0,3
794,-10.6,0,7
795,-10.8,0,9
796,-10.1,0,2
797,-10.7,0,8
798,-10.0,0,1
799,-10.2,0,3
800,-10.0,0,1
801,-10.4,0,5
802,-10.4,0,5
803,-10.4,0,5
804,-10.0,0,1
805,-10.6,0,7
806,-10.5,0,6
807,-10.9,0,10
808,-10.0,0,1
809,-10.3,0,4
810,-10.7,0,8
811,-10.9,0,10
812,-10.9,0,10
813,-10.6,0,7
814,-10.4,0,5
815,89.10000000000005,1,10
816,-10.6,0,7
817,-10.0,0,1
818,-10.7,0,8
819,-10.2,0,3
820,-10.1,0,2
821,-10.3,0,4
822,-10.0,0,1
823,-10.2,0,3
824,-10.0,0,1
825,-10.9,0,10
826,-10.8,0,9
827,-10.8,0,9
828,-10.4,0,5
829,-10.2,0,3
830,-10.4,0,5
831,-10.6,0,7
832,-10.5,0,6
833,-10.3,0,4
834,-10.3,0,4
835,-10.0,0,1
836,-10.2,0,3
837,-10.7,0,8
838,-10.1,0,2
839,-10.3,0,4
840,-10.6,0,7
841,-11.0,0,11
842,-10.1,0,2
843,-10.9,0,10
844,-10.2,0,3
845,-10.7,0,8
846,-10.3,0,4
847,-10.1,0,2
848,-11.1,0,12
849,-10.0,0,1
850,-10.0,0,1
851,-10.1,0,2
852,-10.7,0,8
853,-10.1,0,2
854,-10.5,0,6
855,-10.6,0,7
856,-10.0,0,1
857,-10.4,0,5
858,-10.8,0,9
859,-10.1,0,2
860,-10.8,0,9
861,-11.700000000000001,0,18
862,-10.7,0,8
863,-10.5,0,6
864,-10.0,0,1
865,-10.5,0,6
866,-10.2,0,3
867,-10.3,0,4
868,-10.1,0,2
869,-10.7,0,8
870,-10.4,0,5
871,-10.8,0,9
872,-10.6,0,7
873,-10.6,0,7
874,-11.0,0,11
875,-10.1,0,2
876,-10.3,0,4
877,89.80000000000001,1,3
878,-10.1,0,2
879,-10.7,0,8
880,-10.8,0,9
881,-11.1,0,12
882,-10.7,0,8
883,-10.2,0,3
884,-10.6,0,7
885,-10.3,0,4
886,-10.3,0,4
887,-10.1,0,2
888,-10.5,0,6
889,-10.9,0,10
890,-10.6,0,7
891,-10.0,0,1
892,-10.3,0,4
893,-10.8,0,9
894,-10.3,0,4
895,-10.7,0,8
896,-10.2,0,3
897,-10.8,0,9
898,-10.2,0,3
899,-10.5,0,6
900,-10.4,0,5
901,-10.6,0,7
902,-10.0,0,1
903,-10.5,0,6
904,-10.2,0,3
905,-10.1,0,2
906,-10.2,0,3
907,-10.6,0,7
908,-10.8,0,9
909,-10.3,0,4
910,89.30000000000003,1,8
911,-10.7,0,8
912,-10.6,0,7
913,-10.4,0,5
914,-10.2,0,3
915,-10.6,0,7
916,-10.6,0,7
917,-10.1,0,2
918,-10.7,0,8
919,-10.2,0,3
920,-10.9,0,10
921,-10.1,0,2
922,-10.7,0,8
923,-10.2,0,3
924,-10.1,0,2
925,-10.2,0,3
926,-10.7,0,8
927,-10.6,0,7
928,-10.8,0,9
929,-10.2,0,3
930,89.00000000000003,1,11
931,-10.1,0,2
932,-10.0,0,1
933,-10.4,0,5
934,-10.0,0,1
935,-10.8,0,9
936,-10.8,0,9
937,-10.8,0,9
938,-10.4,0,5
939,-10.3,0,4
940,-10.5,0,6
941,-10.5,0,6
942,-10.0,0,1
943,-10.1,0,2
944,-10.3,0,4
945,89.50000000000003,1,6
946,-10.3,0,4
947,-10.7,0,8
948,-10.3,0,4
949,-10.8,0,9
950,-10.9,0,10
951,-10.4,0,5
952,-10.6,0,7
953,-10.1,0,2
954,-10.6,0,7
955,-10.2,0,3
956,-10.1,0,2
957,-10.5,0,6
958,-10.7,0,8
959,-10.7,0,8
960,-10.1,0,2
961,-10.3,0,4
962,-10.5,0,6
963,-11.0,0,11
964,-10.4,0,5
965,-10.7,0,8
966,-10.4,0,5
967,-10.9,0,10
968,-10.6,0,7
969,-10.2,0,3
970,89.10000000000001,1,10
971,-10.7,0,8
972,-10.5,0,6
973,-10.0,0,1
974,89.30000000000001,1,8
975,-10.2,0,3
976,-10.8,0,9
977,-10.7,0,8
978,-10.7,0,8
979,-10.9,0,10
980,-10.6,0,7
981,-10.0,0,1
982,89.10000000000001,1,10
983,-10.1,0,2
984,-10.3,0,4
985,-10.1,0,2
986,89.60000000000002,1,5
987,-11.0,0,11
988,-10.8,0,9
989,-10.6,0,7
990,89.30000000000001,1,8
991,-10.3,0,4
992,-10.0,0,1
993,-10.2,0,3
994,-10.8,0,9
995,-10.8,0,9
996,-10.5,0,6
997,-10.4,0,5
998,-10.5,0,6
999,-10.1,0,2
1000,-10.6,0,7
1001,-10.3,0,4
1002,-10.0,0,1
1003,-10.6,0,7
1004,-10.2,0,3
1005,89.4,1,7
1006,-10.9,0,10
1007,-10.5,0,6
1008,-10.2,0,3
1009,189.10000000000002,2,10
1010,-10.6,0,7
1011,-10.9,0,10
1012,-10.7,0,8
1013,89.60000000000002,1,5
1014,-10.4,0,5
1015,-10.2,0,3
1016,-10.0,0,1
1017,-10.7,0,8
1018,-10.3,0,4
1019,-10.8,0,9
1020,189.20000000000005,2,9
1021,-10.8,0,9
1022,-10.4,0,5
1023,-10.1,0,2
1024,-10.5,0,6
1025,-10.5,0,6
1026,-10.5,0,6
1027,-10.0,0,1
1028,-10.9,0,10
1029,89.4,1,7
1030,-10.1,0,2
1031,89.30000000000003,1,8
1032,89.60000000000002,1,5
1033,89.10000000000002,1,10
1034,-10.0,0,1
1035,-10.6,0,7
1036,-10.2,0,3
1037,-10.1,0,2
1038,-10.2,0,3
1039,88.80000000000007,1,13
1040,-10.9,0,10
1041,-10.1,0,2
1042,-10.9,0,10
1043,-10.1,0,2
1044,89.5,1,6
1045,-10.2,0,3
1046,-10.7,0,8
1047,-10.6,0,7
1048,-10.1,0,2
1049,-10.7,0,8
1050,-10.4,0,5
1051,-10.4,0,5
1052,-10.6,0,7
1053,-10.1,0,2
1054,-10.0,0,1
1055,-10.8,0,9
1056,-10.6,0,7
1057,-10.2,0,3
1058,-10.7,0,8
1059,89.20000000000002,1,9
1060,-10.2,0,3
1061,-10.2,0,3
1062,-10.7,0,8
1063,-10.3,0,4
1064,-10.8,0,9
1065,-10.3,0,4
1066,189.20000000000005,2,9
1067,-10.9,0,10
1068,-10.8,0,9
1069,-10.5,0,6
1070,-10.8,0,9
1071,-10.1,0,2
1072,-10.5,0,6
1073,-10.1,0,2
1074,-10.5,0,6
1075,-10.2,0,3
1076,-10.5,0,6
1077,-10.1,0,2
1078,-10.6,0,7
1079,-10.5,0,6
1080,-10.9,0,10
1081,-10.2,0,3
1082,-10.4,0,5
1083,-10.3,0,4
1084,-10.0,0,1
1085,-10.3,0,4
1086,-10.1,0,2
1087,-10.8,0,9
1088,-10.4,0,5
1089,-10.0,0,1
1090,-10.3,0,4
1091,-10.6,0,7
1092,-10.1,0,2
1093,-10.3,0,4
1094,-10.6,0,7
1095,-10.1,0,2
1096,-10.2,0,3
1097,89.30000000000004,1,8
1098,-10.5,0,6
1099,88.50000000000007,1,16
1100,-10.2,0,3
1101,-10.3,0,4
1102,-10.9,0,10
1103,-10.9,0,10
1104,-10.0,0,1
1105,-10.5,0,6
1106,-10.3,0,4
1107,-10.6,0,7
1108,-10.7,0,8
1109,-10.8,0,9
1110,-10.2,0,3
1111,-10.4,0,5
1112,-10.0,0,1
1113,-10.7,0,8
1114,-10.3,0,4
1115,-10.9,0,10
1116,-10.8,0,9
1117,-10.6,0,7
1118,-10.0,0,1
1119,-10.3,0,4
1120,-10.4,0,5
1121,89.20000000000002,1,9
1122,-10.0,0,1
1123,-10.0,0,1
1124,89.50000000000001,1,6
1125,-10.5,0,6
1126,-10.7,0,8
1127,-10.7,0,8
1128,-10.5,0,6
1129,-10.2,0,3
1130,-10.4,0,5
1131,89.70000000000002,1,4
1132,-10.7,0,8
1133,89.60000000000001,1,5
1134,-10.8,0,9
1135,-10.3,0,4
1136,-11.0,0,11
1137,-10.0,0,1
1138,-10.4,0,5
1139,-10.7,0,8
1140,-10.2,0,3
1141,-10.1,0,2
1142,-10.6,0,7
1143,-10.0,0,1
1144,-10.4,0,5
1145,89.30000000000003,1,8
1146,-10.4,0,5
1147,-10.2,0,3
1148,-11.5,0,16
1149,-10.1,0,2
1150,-10.0,0,1
1151,-10.5,0,6
1152,-10.9,0,10
1153,-10.5,0,6
1154,-10.4,0,5
1155,-10.3,0,4
1156,-10.4,0,5
1157,-10.9,0,10
1158,-10.0,0,1
1159,-10.6,0,7
1160,-10.1,0,2
1161,-10.6,0,7
1162,-10.6,0,7
1163,-10.5,0,6
1164,-10.4,0,5
1165,-10.9,0,10
1166,-10.1,0,2
1167,-10.5,0,6
1168,-10.0,0,1
1169,-10.4,0,5
1170,-10.4,0,5
1171,-10.1,0,2
1172,-10.0,0,1
1173,-11.0,0,11
1174,-10.4,0,5
1175,-10.8,0,9
1176,-10.7,0,8
1177,-10.0,0,1
1178,-10.8,0,9
1179,-10.0,0,1
1180,-10.9,0,10
1181,-10.7,0,8
1182,-10.2,0,3
1183,-11.1,0,12
1184,-10.4,0,5
1185,-10.1,0,2
1186,-10.5,0,6
1187,-10.6,0,7
1188,-10.2,0,3
1189,-11.0,0,11
1190,-10.2,0,3
1191,-10.6,0,7
1192,-10.8,0,9
1193,-10.8,0,9
1194,-10.5,0,6
1195,-10.0,0,1
1196,89.30000000000004,1,8
1197,-10.2,0,3
1198,89.10000000000005,1,10
1199,-10.3,0,4
1200,89.0,1,11
1201,-10.8,0,9
1202,-10.1,0,2
1203,-10.5,0,6
1204,-10.4,0,5
1205,-10.8,0,9
1206,-10.8,0,9
1207,-10.7,0,8
1208,89.20000000000002,1,9
1209,-10.3,0,4
1210,89.20000000000005,1,9
1211,-10.2,0,3
1212,-10.0,0,1
1213,-10.9,0,10
1214,-10.1,0,2
1215,-10.5,0,6
1216,-10.6,0,7
1217,89.20000000000003,1,9
1218,89.00000000000003,1,11
1219,-10.8,0,9
1220,-10.1,0,2
1221,-10.8,0,9
1222,-10.2,0,3
1223,-10.4,0,5
1224,-10.7,0,8
1225,-11.2,0,13
1226,-10.5,0,6
1227,-10.3,0,4
1228,-10.8,0,9
1229,-10.3,0,4
1230,-10.2,0,3
1231,-10.2,0,3
1232,-10.6,0,7
1233,-10.0,0,1
1234,-10.8,0,9
1235,-11.0,0,11
1236,-10.2,0,3
1237,-10.4,0,5
1238,-10.7,0,8
1239,-10.6,0,7
1240,-10.1,0,2
1241,-10.8,0,9
1242,-10.8,0,9
1243,-10.3,0,4
1244,-10.2,0,3
1245,-10.6,0,7
1246,-10.8,0,9
1247,-10.4,0,5
1248,-10.9,0,10
1249,-10.9,0,10
1250,-10.9,0,10
1251,-10.1,0,2
1252,-10.8,0,9
1253,-10.9,0,10
1254,-10.6,0,7
1255,-10.3,0,4
1256,-10.5,0,6
1257,-10.8,0,9
1258,-10.1,0,2
1259,89.4,1,7
1260,-10.5,0,6
1261,-10.3,0,4
1262,-10.3,0,4
1263,-10.7,0,8
1264,-10.9,0,10
1265,-10.9,0,10
1266,-10.1,0,2
1267,-10.9,0,10
1268,-10.6,0,7
1269,-10.5,0,6
1270,-10.2,0,3
1271,-10.9,0,10
1272,-10.4,0,5
1273,-10.9,0,10
1274,-10.0,0,1
1275,-10.6,0,7
1276,-10.3,0,4
1277,-10.2,0,3
1278,-10.3,0,4
1279,-10.2,0,3
1280,-10.8,0,9
1281,-10.5,0,6
1282,-10.3,0,4
1283,-10.8,0,9
1284,-10.5,0,6
1285,-10.3,0,4
1286,-10.2,0,3
1287,-10.4,0,5
1288,-10.8,0,9
1289,-10.2,0,3
1290,-10.1,0,2
1291,89.80000000000001,1,3
1292,-10.1,0,2
1293,-10.3,0,4
1294,-10.7,0,8
1295,-10.6,0,7
1296,-10.6,0,7
1297,-10.6,0,7
1298,-10.7,0,8
1299,-10.4,0,5
1300,-10.5,0,6
1301,-10.9,0,10
1302,-10.3,0,4
1303,-10.3,0,4
1304,-10.8,0,9
1305,-10.8,0,9
1306,-10.1,0,2
1307,-10.7,0,8
1308,-10.2,0,3
1309,-10.1,0,2
1310,-10.1,0,2
1311,-10.4,0,5
1312,-10.1,0,2
1313,-10.6,0,7
1314,-10.8,0,9
1315,-10.0,0,1
1316,-10.8,0,9
1317,-10.2,0,3
1318,-10.4,0,5
1319,-11.0,0,11
1320,-10.4,0,5
1321,-10.0,0,1
1322,89.30000000000001,1,8
1323,-10.7,0,8
1324,-10.4,0,5
1325,-10.0,0,1
1326,-10.4,0,5
1327,-10.2,0,3
1328,-10.9,0,10
1329,-10.6,0,7
1330,-10.0,0,1
1331,-10.3,0,4
1332,-10.1,0,2
1333,-10.5,0,6
1334,-10.6,0,7
1335,-10.2,0,3
1336,-10.5,0,6
1337,-10.1,0,2
1338,-10.9,0,10
1339,-10.6,0,7
1340,-10.0,0,1
1341,-10.3,0,4
1342,-10.3,0,4
1343,89.4,1,7
1344,-10.3,0,4
1345,-10.0,0,1
1346,-10.8,0,9
1347,-10.2,0,3
1348,-10.1,0,2
1349,-10.0,0,1
1350,-10.0,0,1
1351,-10.9,0,10
1352,-10.3,0,4
1353,-10.6,0,7
1354,-10.2,0,3
1355,-10.8,0,9
1356,-10.4,0,5
1357,-10.3,0,4
1358,-10.0,0,1
1359,-10.0,0,1
1360,-10.1,0,2
1361,-10.3,0,4
1362,-10.5,0,6
1363,-10.9,0,10
1364,-10.3,0,4
1365,-10.7,0,8
1366,-10.3,0,4
1367,-10.4,0,5
1368,-10.4,0,5
1369,-10.7,0,8
1370,-10.9,0,10
1371,-10.7,0,8
1372,-10.3,0,4
1373,-10.2,0,3
1374,-10.9,0,10
1375,-10.5,0,6
1376,-10.2,0,3
1377,-10.9,0,10
1378,-10.2,0,3
1379,-10.7,0,8
1380,-10.0,0,1
1381,-10.0,0,1
1382,-10.6,0,7
1383,-10.5,0,6
1384,-10.5,0,6
1385,-10.4,0,5
1386,-10.8,0,9
1387,89.40000000000002,1,7
1388,-10.0,0,1
1389,-10.7,0,8
1390,-10.9,0,10
1391,-10.8,0,9
1392,-11.4,0,15
1393,-10.6,0,7
1394,-10.7,0,8
1395,-10.2,0,3
1396,-10.0,0,1
1397,-10.7,0,8
1398,-10.1,0,2
1399,-10.3,0,4
1400,-10.4,0,5
1401,-10.1,0,2
1402,-10.9,0,10
1403,-10.9,0,10
1404,-10.2,0,3
1405,-10.3,0,4
1406,-10.6,0,7
1407,-10.7,0,8
1408,-10.5,0,6
1409,-10.4,0,5
1410,-10.0,0,1
1411,-10.3,0,4
1412,-10.4,0,5
1413,-10.9,0,10
1414,-10.2,0,3
1415,-10.0,0,1
1416,-10.5,0,6
1417,-10.0,0,1
1418,-10.0,0,1
1419,-10.9,0,10
1420,-10.8,0,9
1421,-10.1,0,2
1422,-10.5,0,6
1423,-10.0,0,1
1424,-10.9,0,10
1425,-10.5,0,6
1426,-10.8,0,9
1427,-10.4,0,5
1428,-10.9,0,10
1429,-10.8,0,9
1430,-10.2,0,3
1431,-10.8,0,9
1432,-10.3,0,4
1433,-10.5,0,6
1434,-10.0,0,1
1435,-10.1,0,2
1436,-10.1,0,2
1437,-10.6,0,7
1438,-10.9,0,10
1439,-10.4,0,5
1440,-10.6,0,7
1441,-10.9,0,10
1442,-10.8,0,9
1443,89.80000000000001,1,3
1444,-10.9,0,10
1445,-10.7,0,8
1446,-10.0,0,1
1447,-10.1,0,2
1448,-10.8,0,9
1449,-10.1,0,2
1450,-10.6,0,7
1451,-10.6,0,7
1452,-10.8,0,9
1453,89.60000000000001,1,5
1454,-10.6,0,7
1455,-10.2,0,3
1456,-10.3,0,4
1457,-10.2,0,3
1458,-10.8,0,9
1459,-10.8,0,9
1460,89.40000000000003,1,7
1461,-10.6,0,7
1462,-10.1,0,2
1463,-10.3,0,4
1464,-10.5,0,6
1465,-10.7,0,8
1466,-10.1,0,2
1467,-10.6,0,7
1468,-10.5,0,6
1469,-11.0,0,11
1470,-10.6,0,7
1471,-10.8,0,9
1472,-10.9,0,10
1473,-10.6,0,7
1474,-10.1,0,2
1475,-10.0,0,1
1476,-10.6,0,7
1477,-10.9,0,10
1478,-10.2,0,3
1479,-10.3,0,4
1480,-10.6,0,7
1481,-10.5,0,6
1482,-10.9,0,10
1483,-10.8,0,9
1484,-10.8,0,9
1485,-10.0,0,1
1486,-10.9,0,10
1487,-10.8,0,9
1488,-10.5,0,6
1489,-10.1,0,2
1490,-10.2,0,3
1491,-10.8,0,9
1492,-10.3,0,4
1493,89.00000000000003,1,11
1494,-10.1,0,2
1495,-10.9,0,10
1496,-10.4,0,5
1497,-10.1,0,2
1498,-10.5,0,6
1499,-10.2,0,3
1500,-10.5,0,6
1501,-11.0,0,11
1502,-10.0,0,1
1503,-10.0,0,1
1504,-10.9,0,10
1505,-10.3,0,4
1506,-10.2,0,3
1507,-10.3,0,4
1508,-11.1,0,12
1509,-10.3,0,4
1510,-10.9,0,10
1511,-10.4,0,5
1512,-10.5,0,6
1513,-11.0,0,11
1514,-10.6,0,7
1515,-10.7,0,8
1516,-10.0,0,1
1517,-10.1,0,2
1518,-10.8,0,9
1519,-10.0,0,1
1520,-10.2,0,3
1521,-10.2,0,3
1522,-10.8,0,9
1523,-10.7,0,8
1524,-10.9,0,10
1525,-10.2,0,3
1526,89.50000000000003,1,6
1527,-10.3,0,4
1528,-10.2,0,3
1529,-10.3,0,4
1530,-10.3,0,4
1531,-10.4,0,5
1532,-10.5,0,6
1533,-10.8,0,9
1534,-10.2,0,3
1535,-10.2,0,3
1536,-10.4,0,5
1537,-10.5,0,6
1538,-10.6,0,7
1539,-10.5,0,6
1540,-10.8,0,9
1541,-10.0,0,1
1542,-10.3,0,4
1543,-10.6,0,7
1544,-10.1,0,2
1545,-10.6,0,7
1546,-10.4,0,5
1547,-11.0,0,11
1548,-10.7,0,8
1549,-10.5,0,6
1550,-10.9,0,10
1551,-10.7,0,8
1552,-10.3,0,4
1553,-10.0,0,1
1554,-10.4,0,5
1555,-10.5,0,6
1556,-10.6,0,7
1557,88.9,1,12
1558,-10.2,0,3
1559,-10.4,0,5
1560,-10.4,0,5
1561,-10.6,0,7
1562,-10.3,0,4
1563,-10.5,0,6
1564,-10.9,0,10
1565,89.10000000000004,1,10
1566,89.50000000000003,1,6
1567,-10.4,0,5
1568,-10.8,0,9
1569,-10.4,0,5
1570,-10.1,0,2
1571,-11.4,0,15
1572,-10.8,0,9
1573,-10.3,0,4
1574,-10.7,0,8
1575,-10.4,0,5
1576,-10.5,0,6
1577,-10.2,0,3
1578,-10.2,0,3
1579,-10.9,0,10
1580,-10.9,0,10
1581,-10.2,0,3
1582,-10.9,0,10
1583,-10.6,0,7
1584,-10.8,0,9
1585,-10.0,0,1
1586,-10.4,0,5
1587,-10.4,0,5
1588,-10.6,0,7
1589,-10.9,0,10
1590,-10.0,0,1
1591,-10.4,0,5
1592,-10.8,0,9
1593,-11.5,0,16
1594,-10.5,0,6
1595,89.20000000000005,1,9
1596,-10.8,0,9
1597,89.50000000000001,1,6
1598,89.40000000000002,1,7
1599,-10.7,0,8
1600,-10.5,0,6
1601,89.30000000000004,1,8
1602,-10.1,0,2
1603,-10.0,0,1
1604,-10.7,0,8
1605,-10.4,0,5
1606,-10.7,0,8
1607,-10.5,0,6
1608,-10.3,0,4
1609,-10.2,0,3
1610,-10.5,0,6
1611,-10.6,0,7
1612,-10.0,0,1
1613,-10.5,0,6
1614,-11.3,0,14
1615,-10.1,0,2
1616,-10.6,0,7
1617,-10.0,0,1
1618,-10.4,0,5
1619,-10.8,0,9
1620,-10.7,0,8
1621,-10.4,0,5
1622,-10.3,0,4
1623,-10.0,0,1
1624,-10.2,0,3
1625,-10.2,0,3
1626,-10.7,0,8
1627,-10.6,0,7
1628,-11.6,0,17
1629,-10.2,0,3
1630,-10.0,0,1
1631,-10.4,0,5
1632,-10.0,0,1
1633,-10.2,0,3
1634,-10.3,0,4
1635,-10.5,0,6
1636,-10.5,0,6
1637,-10.9,0,10
1638,-10.9,0,10
1639,-10.2,0,3
1640,-10.8,0,9
1641,-10.8,0,9
1642,-10.4,0,5
1643,-11.0,0,11
1644,-10.2,0,3
1645,-10.4,0,5
1646,-10.6,0,7
1647,-10.3,0,4
1648,-10.0,0,1
1649,-10.2,0,3
1650,-10.8,0,9
1651,-10.3,0,4
1652,-10.2,0,3
1653,89.00000000000004,1,11
1654,-10.0,0,1
1655,-10.4,0,5
1656,-10.4,0,5
1657,-10.5,0,6
1658,89.40000000000003,1,7
1659,-10.9,0,10
1660,-10.5,0,6
1661,-11.1,0,12
1662,-10.3,0,4
1663,-10.4,0,5
1664,-10.5,0,6
1665,-10.2,0,3
1666,-10.9,0,10
1667,-10.0,0,1
1668,-10.5,0,6
1669,-10.2,0,3
1670,-10.8,0,9
1671,-11.0,0,11
1672,-10.0,0,1
1673,-10.4,0,5
1674,-10.2,0,3
1675,-10.4,0,5
1676,-10.7,0,8
1677,89.80000000000001,1,3
1678,-10.6,0,7
1679,-10.2,0,3
1680,-10.9,0,10
1681,-11.0,0,11
1682,-10.2,0,3
1683,-10.8,0,9
1684,-10.0,0,1
1685,-10.1,0,2
1686,-10.0,0,1
1687,-10.5,0,6
1688,-10.3,0,4
1689,89.60000000000001,1,5
1690,-10.4,0,5
1691,-10.4,0,5
1692,-10.0,0,1
1693,-10.5,0,6
1694,-10.9,0,10
1695,-11.0,0,11
1696,-10.9,0,10
1697,-10.2,0,3
1698,-10.5,0,6
1699,-10.3,0,4
1700,89.10000000000001,1,10
1701,-10.5,0,6
1702,-10.7,0,8
1703,-10.5,0,6
1704,-10.1,0,2
1705,-10.2,0,3
1706,-10.0,0,1
1707,-10.7,0,8
1708,89.20000000000002,1,9
1709,-10.8,0,9
1710,-10.4,0,5
1711,-10.2,0,3
1712,-10.4,0,5
1713,-10.2,0,3
1714,-10.3,0,4
1715,-10.0,0,1
1716,-10.7,0,8
1717,-10.3,0,4
1718,-10.7,0,8
1719,-10.1,0,2
1720,-10.5,0,6
1721,-10.4,0,5
1722,-10.7,0,8
1723,-10.1,0,2
1724,-10.7,0,8
1725,-10.6,0,7
1726,-10.8,0,9
1727,87.90000000000008,1,22
1728,-10.3,0,4
1729,-10.9,0,10
1730,-11.0,0,11
1731,-10.9,0,10
1732,-10.5,0,6
1733,-10.6,0,7
1734,-10.6,0,7
1735,89.20000000000002,1,9
1736,-10.6,0,7
1737,-10.8,0,9
1738,-10.5,0,6
1739,-10.7,0,8
1740,-10.4,0,5
1741,-10.2,0,3
1742,-10.7,0,8
1743,-11.0,0,11
1744,-10.9,0,10
1745,-10.1,0,2
1746,-10.9,0,10
1747,-10.8,0,9
1748,-10.7,0,8
1749,89.5,1,6
1750,-10.4,0,5
1751,-10.5,0,6
1752,-10.5,0,6
1753,-10.5,0,6
1754,-10.6,0,7
1755,-10.0,0,1
1756,-10.2,0,3
1757,-10.9,0,10
1758,-10.7,0,8
1759,-10.8,0,9
1760,-10.9,0,10
1761,-10.9,0,10
1762,-10.6,0,7
1763,-10.2,0,3
1764,-10.6,0,7
1765,-11.2,0,13
1766,-10.0,0,1
1767,-10.8,0,9
1768,-11.0,0,11
1769,-10.9,0,10
1770,-10.5,0,6
1771,-10.4,0,5
1772,89.20000000000005,1,9
1773,89.60000000000002,1,5
1774,-10.9,0,10
1775,-10.5,0,6
1776,-10.4,0,5
1777,-10.9,0,10
1778,89.10000000000002,1,10
1779,-10.8,0,9
1780,-10.8,0,9
1781,-10.6,0,7
1782,-10.2,0,3
1783,-10.6,0,7
1784,-10.8,0,9
1785,-10.0,0,1
1786,89.30000000000001,1,8
1787,-10.5,0,6
1788,-10.2,0,3
1789,-10.9,0,10
1790,-10.4,0,5
1791,-11.1,0,12
1792,-10.7,0,8
1793,-10.6,0,7
1794,-11.2,0,13
1795,-10.8,0,9
1796,-10.7,0,8
1797,-10.2,0,3
1798,-10.1,0,2
1799,-10.5,0,6
1800,-10.7,0,8
1801,-10.3,0,4
1802,-10.7,0,8
1803,-10.4,0,5
1804,-11.0,0,11
1805,-10.6,0,7
1806,-10.0,0,1
1807,-10.9,0,10
1808,89.50000000000003,1,6
1809,-10.1,0,2
1810,-10.9,0,10
1811,-10.3,0,4
1812,-10.8,0,9
1813,-11.5,0,16
1814,-10.5,0,6
1815,-10.8,0,9
1816,-10.3,0,4
1817,-10.7,0,8
1818,-10.9,0,10
1819,-10.0,0,1
1820,-10.6,0,7
1821,-10.7,0,8
1822,-10.3,0,4
1823,-10.1,0,2
1824,-10.8,0,9
1825,-10.0,0,1
1826,-10.6,0,7
1827,-10.4,0,5
1828,-10.5,0,6
1829,-10.2,0,3
1830,-10.5,0,6
1831,-10.3,0,4
1832,-10.3,0,4
1833,-10.5,0,6
1834,-10.7,0,8
1835,-10.9,0,10
1836,-10.1,0,2
1837,-10.1,0,2
1838,-10.7,0,8
1839,-10.3,0,4
1840,89.20000000000002,1,9
1841,-10.3,0,4
1842,-10.7,0,8
1843,-10.4,0,5
1844,-10.9,0,10
1845,-10.3,0,4
1846,89.80000000000001,1,3
1847,-10.9,0,10
1848,-10.3,0,4
1849,-10.4,0,5
1850,-10.6,0,7
1851,-10.6,0,7
1852,-10.5,0,6
1853,-10.9,0,10
1854,-10.3,0,4
1855,-10.5,0,6
1856,-10.5,0,6
1857,-10.8,0,9
1858,-10.1,0,2
1859,-10.9,0,10
1860,89.10000000000004,1,10
1861,-10.7,0,8
1862,-10.7,0,8
1863,-10.9,0,10
1864,-10.4,0,5
1865,-10.1,0,2
1866,-10.0,0,1
1867,-10.4,0,5
1868,-10.4,0,5
1869,-10.7,0,8
1870,89.10000000000002,1,10
1871,-10.2,0,3
1872,-10.6,0,7
1873,89.60000000000002,1,5
1874,-10.4,0,5
1875,-10.5,0,6
1876,-10.3,0,4
1877,-10.2,0,3
1878,-10.4,0,5
1879,-10.1,0,2
1880,-10.7,0,8
1881,-10.8,0,9
1882,-10.5,0,6
1883,-10.4,0,5
1884,-10.8,0,9
1885,-10.2,0,3
1886,-10.1,0,2
1887,-10.0,0,1
1888,-10.1,0,2
1889,-10.8,0,9
1890,-10.1,0,2
1891,-10.4,0,5
1892,-10.9,0,10
1893,-10.3,0,4
1894,-10.5,0,6
1895,-10.5,0,6
1896,-10.0,0,1
1897,-11.2,0,13
1898,89.30000000000003,1,8
1899,189.4,2,7
1900,-10.8,0,9
1901,-10.6,0,7
1902,-10.9,0,10
1903,-10.9,0,10
1904,-10.9,0,10
1905,-10.4,0,5
1906,-10.9,0,10
1907,-10.2,0,3
1908,-10.2,0,3
1909,-10.6,0,7
1910,-10.4,0,5
1911,-10.2,0,3
1912,-10.8,0,9
1913,89.4,1,7
1914,-10.4,0,5
1915,-10.0,0,1
1916,-10.4,0,5
1917,-10.3,0,4
1918,-10.1,0,2
1919,-10.0,0,1
1920,-10.4,0,5
1921,-10.3,0,4
1922,-10.7,0,8
1923,-10.2,0,3
1924,-10.3,0,4
1925,-10.2,0,3
1926,-10.8,0,9
1927,-10.8,0,9
1928,187.30000000000013,2,28
1929,-10.2,0,3
1930,-10.7,0,8
1931,-10.5,0,6
1932,-10.3,0,4
1933,-10.9,0,10
1934,-10.0,0,1
1935,-10.0,0,1
1936,-10.4,0,5
1937,-10.6,0,7
1938,-10.4,0,5
1939,-10.5,0,6
1940,-10.1,0,2
1941,-10.3,0,4
1942,-10.4,0,5
1943,-10.6,0,7
1944,-10.7,0,8
1945,-10.3,0,4
1946,-10.5,0,6
1947,-10.4,0,5
1948,-10.4,0,5
1949,89.20000000000003,1,9
1950,-10.9,0,10
1951,-10.7,0,8
1952,-10.1,0,2
1953,-10.5,0,6
1954,-10.7,0,8
1955,-10.0,0,1
1956,-10.2,0,3
1957,-11.0,0,11
1958,-10.8,0,9
1959,-10.0,0,1
1960,-10.1,0,2
1961,-11.1,0,12
1962,-10.9,0,10
1963,-10.3,0,4
1964,89.60000000000001,1,5
1965,-10.5,0,6
1966,-10.1,0,2
1967,-10.6,0,7
1968,-11.6,0,17
1969,-10.1,0,2
1970,-10.9,0,10
1971,-10.5,0,6
1972,-10.6,0,7
1973,-10.1,0,2
1974,-10.6,0,7
1975,-10.6,0,7
1976,-10.8,0,9
1977,-10.2,0,3
1978,-10.3,0,4
1979,-10.9,0,10
1980,89.70000000000002,1,4
1981,-10.4,0,5
1982,-10.5,0,6
1983,-10.5,0,6
1984,-10.9,0,10
1985,-10.4,0,5
1986,-10.5,0,6
1987,-10.9,0,10
1988,-10.3,0,4
1989,-10.0,0,1
1990,-10.5,0,6
1991,-10.8,0,9
1992,-10.0,0,1
1993,-10.3,0,4
1994,-10.0,0,1
1995,-10.3,0,4
1996,-10.5,0,6
1997,-11.0,0,11
1998,-11.0,0,11
1999,-10.5,0,6
2000,-10.6,0,7
2001,-10.1,0,2
2002,-10.4,0,5
2003,-11.0,0,11
2004,-10.9,0,10
2005,-10.4,0,5
2006,-10.2,0,3
2007,-10.7,0,8
2008,-10.5,0,6
2009,89.60000000000001,1,5
2010,-10.0,0,1
2011,-10.9,0,10
2012,89.10000000000004,1,10
2013,-10.8,0,9
2014,-10.0,0,1
2015,-10.9,0,10
2016,-10.4,0,5
2017,-10.8,0,9
2018,-10.5,0,6
2019,-10.9,0,10
2020,-10.9,0,10
2021,-10.0,0,1
2022,-10.5,0,6
2023,-10.4,0,5
2024,-10.6,0,7
2025,-10.9,0,10
2026,-10.0,0,1
2027,-10.9,0,10
2028,-10.9,0,10
2029,-10.5,0,6
2030,-10.2,0,3
2031,-10.7,0,8
2032,-10.6,0,7
2033,-10.6,0,7
2034,-10.9,0,10
2035,-10.0,0,1
2036,-10.1,0,2
2037,-10.7,0,8
2038,-10.1,0,2
2039,-10.4,0,5
2040,-10.4,0,5
2041,-10.5,0,6
2042,-10.2,0,3
2043,-10.1,0,2
2044,-10.2,0,3
2045,-10.2,0,3
2046,-11.0,0,11
2047,89.30000000000003,1,8
2048,-10.3,0,4
2049,-10.5,0,6
2050,-11.4,0,15
2051,89.10000000000005,1,10
2052,-10.2,0,3
2053,-10.6,0,7
2054,-10.8,0,9
2055,89.30000000000001,1,8
2056,-10.5,0,6
2057,-10.8,0,9
2058,-10.7,0,8
2059,-10.2,0,3
2060,-10.5,0,6
2061,-10.6,0,7
2062,-10.7,0,8
2063,-10.9,0,10
2064,-10.2,0,3
2065,-10.7,0,8
2066,-10.5,0,6
2067,-10.0,0,1
2068,-10.9,0,10
2069,-10.4,0,5
2070,-10.0,0,1
2071,-10.6,0,7
2072,-10.8,0,9
2073,-10.5,0,6
2074,-10.5,0,6
2075,-10.5,0,6
2076,89.30000000000003,1,8
2077,-10.8,0,9
2078,-10.4,0,5
2079,-10.1,0,2
2080,89.2,1,9
2081,-10.8,0,9
2082,-10.7,0,8
2083,-10.8,0,9
2084,-10.4,0,5
2085,-10.0,0,1
2086,-10.0,0,1
2087,-10.9,0,10
2088,-10.6,0,7
2089,89.70000000000002,1,4
2090,-10.0,0,1
2091,-10.2,0,3
2092,-10.3,0,4
2093,-10.3,0,4
2094,-10.8,0,9
2095,-10.5,0,6
2096,-10.6,0,7
2097,-10.2,0,3
2098,89.9,1,2
2099,-10.7,0,8
2100,-10.2,0,3
2101,-10.2,0,3
2102,-10.8,0,9
2103,-10.9,0,10
2104,-10.3,0,4
2105,-10.6,0,7
2106,89.30000000000001,1,8
2107,-10.2,0,3
2108,-10.1,0,2
2109,-10.0,0,1
2110,-10.2,0,3
2111,-10.9,0,10
2112,-10.8,0,9
2113,-10.0,0,1
2114,-10.6,0,7
2115,-10.5,0,6
2116,-10.9,0,10
2117,88.10000000000007,1,20
2118,-10.1,0,2
2119,-10.9,0,10
2120,-10.4,0,5
2121,-10.2,0,3
2122,-10.5,0,6
2123,-10.2,0,3
2124,-10.5,0,6
2125,89.10000000000004,1,10
2126,-10.0,0,1
2127,89.50000000000003,1,6
2128,-10.4,0,5
2129,-10.6,0,7
2130,-10.4,0,5
2131,-10.7,0,8
2132,88.40000000000006,1,17
2133,-10.1,0,2
2134,-10.6,0,7
2135,-10.0,0,1
2136,-10.6,0,7
2137,-10.6,0,7
2138,-10.9,0,10
2139,-10.5,0,6
2140,-10.3,0,4
2141,-10.7,0,8
2142,-10.9,0,10
2143,-10.5,0,6
2144,-10.8,0,9
2145,-10.8,0,9
2146,-10.9,0,10
2147,-11.0,0,11
2148,-10.6,0,7
2149,-10.9,0,10
2150,-11.0,0,11
2151,-10.6,0,7
2152,-10.4,0,5
2153,-10.8,0,9
2154,-10.4,0,5
2155,-10.2,0,3
2156,-10.4,0,5
2157,-10.6,0,7
2158,-10.4,0,5
2159,-10.0,0,1
2160,-10.2,0,3
2161,-10.9,0,10
2162,-10.6,0,7
2163,-10.3,0,4
2164,-10.3,0,4
2165,-11.8,0,19
2166,-10.6,0,7
2167,-10.8,0,9
2168,-10.3,0,4
2169,-10.8,0,9
2170,188.90000000000003,2,12
2171,-10.9,0,10
2172,-10.9,0,10
2173,89.60000000000002,1,5
2174,-10.9,0,10
2175,-10.4,0,5
2176,-10.5,0,6
2177,-10.6,0,7
2178,89.30000000000004,1,8
2179,-10.9,0,10
2180,-10.5,0,6
2181,89.2,1,9
2182,-10.5,0,6
2183,-10.8,0,9
2184,-10.3,0,4
2185,-10.6,0,7
2186,-10.9,0,10
2187,-10.5,0,6
2188,-10.8,0,9
2189,-10.5,0,6
2190,-10.1,0,2
2191,-10.8,0,9
2192,89.30000000000003,1,8
2193,89.20000000000003,1,9
2194,89.50000000000001,1,6
2195,-10.7,0,8
2196,-10.5,0,6
2197,-10.3,0,4
2198,-10.7,0,8
2199,-10.6,0,7
2200,89.30000000000001,1,8
2201,-10.6,0,7
2202,-10.8,0,9
2203,-10.7,0,8
2204,-10.2,0,3
2205,-10.5,0,6
2206,-10.3,0,4
2207,-10.3,0,4
2208,-10.4,0,5
2209,-10.7,0,8
2210,-11.1,0,12
2211,-10.4,0,5
2212,-10.4,0,5
2213,-10.1,0,2
2214,-10.2,0,3
2215,-10.1,0,2
2216,-10.6,0,7
2217,-10.4,0,5
2218,-10.8,0,9
2219,-10.1,0,2
2220,88.90000000000006,1,12
2221,-10.6,0,7
2222,-10.2,0,3
2223,-10.6,0,7
2224,-10.9,0,10
2225,-10.0,0,1
2226,-10.4,0,5
2227,-10.3,0,4
2228,-10.4,0,5
2229,-10.5,0,6
2230,-10.2,0,3
2231,-10.7,0,8
2232,-10.3,0,4
2233,-10.7,0,8
2234,-10.7,0,8
2235,-11.2,0,13
2236,-10.6,0,7
2237,-10.9,0,10
2238,-10.4,0,5
2239,-11.1,0,12
2240,88.40000000000003,1,17
2241,-10.1,0,2
2242,-10.8,0,9
2243,-11.1,0,12
2244,-10.2,0,3
2245,-11.0,0,11
2246,-10.2,0,3
2247,-10.5,0,6
2248,-10.7,0,8
2249,-10.6,0,7
2250,-10.6,0,7
2251,-10.9,0,10
2252,-11.1,0,12
2253,-10.7,0,8
2254,-10.5,0,6
2255,-10.8,0,9
2256,-10.9,0,10
2257,-10.7,0,8
2258,-10.2,0,3
2259,-10.2,0,3
2260,-11.8,0,19
2261,-10.0,0,1
2262,-10.2,0,3
2263,-10.2,0,3
2264,-10.6,0,7
2265,-10.6,0,7
2266,-10.0,0,1
2267,-10.7,0,8
2268,-10.5,0,6
2269,-10.6,0,7
2270,-10.0,0,1
2271,-10.0,0,1
2272,-10.8,0,9
2273,-10.7,0,8
2274,-10.7,0,8
2275,-10.7,0,8
2276,-12.100000000000001,0,22
2277,-10.6,0,7
2278,-10.8,0,9
2279,89.30000000000003,1,8
2280,-10.2,0,3
2281,-10.6,0,7
2282,-10.5,0,6
2283,-10.8,0,9
2284,-10.2,0,3
2285,-10.7,0,8
2286,-10.9,0,10
2287,-10.6,0,7
2288,-10.0,0,1
2289,89.20000000000002,1,9
2290,-10.2,0,3
2291,-10.5,0,6
2292,-10.3,0,4
2293,-10.4,0,5
2294,-10.8,0,9
2295,-10.1,0,2
2296,-11.0,0,11
2297,-10.1,0,2
2298,89.30000000000001,1,8
2299,-10.5,0,6
2300,-10.8,0,9
2301,-10.6,0,7
2302,-10.0,0,1
2303,-10.7,0,8
2304,-10.7,0,8
2305,-10.7,0,8
2306,-10.7,0,8
2307,89.50000000000003,1,6
2308,-10.4,0,5
2309,-11.0,0,11
2310,-10.0,0,1
2311,-10.5,0,6
2312,-10.2,0,3
2313,-10.8,0,9
2314,-10.8,0,9
2315,-10.2,0,3
2316,-10.2,0,3
2317,-10.5,0,6
2318,89.50000000000003,1,6
2319,-10.4,0,5
2320,-10.1,0,2
2321,-10.9,0,10
2322,-10.3,0,4
2323,-10.6,0,7
2324,-10.4,0,5
2325,-10.7,0,8
2326,-10.9,0,10
2327,-10.2,0,3
2328,-10.1,0,2
2329,-10.5,0,6
2330,-11.0,0,11
2331,-10.5,0,6
2332,-10.8,0,9
2333,-10.5,0,6
2334,-10.0,0,1
2335,-11.0,0,11
2336,-10.8,0,9
2337,-10.9,0,10
2338,-10.7,0,8
2339,-10.3,0,4
2340,-11.0,0,11
2341,-10.3,0,4
2342,-10.3,0,4
2343,-10.0,0,1
2344,-10.8,0,9
2345,-10.7,0,8
2346,-10.1,0,2
2347,-10.6,0,7
2348,-10.7,0,8
2349,-10.1,0,2
2350,-10.0,0,1
2351,-10.3,0,4
2352,-10.7,0,8
2353,-10.7,0,8
2354,-10.4,0,5
2355,-10.0,0,1
2356,-10.4,0,5
2357,-10.5,0,6
2358,-10.7,0,8
2359,-10.8,0,9
2360,-10.2,0,3
2361,-10.1,0,2
2362,-11.1,0,12
2363,-10.4,0,5
2364,-10.1,0,2
2365,-10.3,0,4
2366,-10.7,0,8
2367,-11.0,0,11
2368,-10.2,0,3
2369,-10.2,0,3
2370,-11.0,0,11
2371,-10.6,0,7
2372,-10.8,0,9
2373,-10.5,0,6
2374,-10.7,0,8
2375,-10.5,0,6
2376,-10.3,0,4
2377,89.30000000000001,1,8
2378,-10.2,0,3
2379,-10.0,0,1
2380,-10.5,0,6
2381,-10.7,0,8
2382,-10.8,0,9
2383,89.20000000000003,1,9
2384,88.70000000000002,1,14
2385,-10.3,0,4
2386,-10.5,0,6
2387,-10.6,0,7
2388,-10.9,0,10
2389,-10.4,0,5
2390,-10.9,0,10
2391,-10.0,0,1
2392,-10.6,0,7
2393,-10.5,0,6
2394,-10.0,0,1
2395,-10.6,0,7
2396,-10.6,0,7
2397,-10.0,0,1
2398,-12.5,0,26
2399,-10.3,0,4
2400,-10.5,0,6
2401,-10.0,0,1
2402,-10.0,0,1
2403,-10.8,0,9
2404,-10.6,0,7
2405,-10.2,0,3
2406,-10.3,0,4
2407,-11.0,0,11
2408,-10.2,0,3
2409,-10.1,0,2
2410,-10.2,0,3
2411,-10.4,0,5
2412,-10.2,0,3
2413,89.00000000000003,1,11
2414,-10.5,0,6
2415,89.60000000000001,1,5
2416,89.50000000000003,1,6
2417,-11.2,0,13
2418,-10.8,0,9
2419,-10.2,0,3
2420,-10.1,0,2
2421,-10.5,0,6
2422,-10.1,0,2
2423,-10.6,0,7
2424,-10.5,0,6
2425,-10.4,0,5
2426,-10.6,0,7
2427,-11.3,0,14
2428,-10.2,0,3
2429,-10.4,0,5
2430,-10.6,0,7
2431,-11.1,0,12
2432,-10.8,0,9
2433,-10.7,0,8
2434,-10.8,0,9
2435,-10.4,0,5
2436,-10.2,0,3
2437,-10.4,0,5
2438,-10.2,0,3
2439,-10.6,0,7
2440,-10.8,0,9
2441,-11.0,0,11
2442,-10.3,0,4
2443,-10.0,0,1
2444,-10.0,0,1
2445,-10.9,0,10
2446,-10.3,0,4
2447,-10.4,0,5
2448,-10.9,0,10
2449,-10.3,0,4
2450,-11.1,0,12
2451,-10.8,0,9
2452,-10.4,0,5
2453,-10.8,0,9
2454,-10.6,0,7
2455,-10.3,0,4
2456,-10.9,0,10
2457,-10.8,0,9
2458,-10.1,0,2
2459,-10.9,0,10
2460,-10.0,0,1
2461,-10.8,0,9
2462,-10.2,0,3
2463,-11.0,0,11
2464,-10.4,0,5
2465,-10.4,0,5
2466,-10.6,0,7
2467,-10.0,0,1
2468,-10.4,0,5
2469,-10.1,0,2
2470,-10.9,0,10
2471,-10.3,0,4
2472,-11.1,0,12
2473,-10.8,0,9
2474,-10.6,0,7
2475,-10.7,0,8
2476,89.10000000000001,1,10
2477,-10.2,0,3
2478,-10.7,0,8
2479,-10.1,0,2
2480,-10.0,0,1
2481,-11.1,0,12
2482,-10.7,0,8
2483,-10.3,0,4
2484,-10.7,0,8
2485,-10.4,0,5
2486,-10.8,0,9
2487,-10.0,0,1
2488,-10.0,0,1
2489,-10.9,0,10
2490,-10.6,0,7
2491,-10.2,0,3
2492,-10.5,0,6
2493,-10.5,0,6
2494,-10.2,0,3
2495,-10.7,0,8
2496,89.40000000000003,1,7
2497,-11.1,0,12
2498,-10.8,0,9
2499,-10.0,0,1
2500,-10.8,0,9
2501,-10.7,0,8
2502,-10.8,0,9
2503,-11.0,0,11
2504,-10.6,0,7
2505,-10.8,0,9
2506,-10.7,0,8
2507,-10.3,0,4
2508,-11.5,0,16
2509,-10.2,0,3
2510,-10.4,0,5
2511,-10.4,0,5
2512,-10.1,0,2
2513,-10.8,0,9
2514,-11.5,0,16
2515,-10.5,0,6
2516,-10.0,0,1
2517,-10.7,0,8
2518,-11.1,0,12
2519,-10.4,0,5
2520,-10.4,0,5
2521,-10.9,0,10
2522,-10.3,0,4
2523,-10.5,0,6
2524,-10.7,0,8
2525,-10.1,0,2
2526,-10.0,0,1
2527,-10.9,0,10
2528,-10.9,0,10
2529,-11.2,0,13
2530,-10.0,0,1
2531,-10.3,0,4
2532,-10.1,0,2
2533,-10.6,0,7
2534,-10.7,0,8
2535,-10.5,0,6
2536,-10.2,0,3
2537,-10.9,0,10
2538,-10.9,0,10
2539,-11.0,0,11
2540,-11.8,0,19
2541,-10.5,0,6
2542,-10.7,0,8
2543,-10.2,0,3
2544,-11.4,0,15
2545,-10.1,0,2
2546,-10.7,0,8
2547,-10.1,0,2
2548,-10.6,0,7
2549,-10.7,0,8
2550,-10.8,0,9
2551,-10.7,0,8
2552,-10.0,0,1
2553,-10.8,0,9
2554,-10.4,0,5
2555,-10.6,0,7
2556,-10.8,0,9
2557,-10.6,0,7
2558,-10.1,0,2
2559,-10.4,0,5
2560,-10.4,0,5
2561,-10.3,0,4
2562,-10.8,0,9
2563,-10.9,0,10
2564,-10.0,0,1
2565,-10.2,0,3
2566,-10.5,0,6
2567,-10.1,0,2
2568,-11.0,0,11
2569,-10.5,0,6
2570,-10.5,0,6
2571,-10.6,0,7
2572,-10.9,0,10
2573,-11.3,0,14
2574,-10.4,0,5
2575,-10.5,0,6
2576,-10.4,0,5
2577,-10.4,0,5
2578,89.20000000000003,1,9
2579,-10.6,0,7
2580,-10.1,0,2
2581,-10.6,0,7
2582,-10.3,0,4
2583,-11.0,0,11
2584,-10.2,0,3
2585,-11.2,0,13
2586,-10.9,0,10
2587,-10.1,0,2
2588,-10.7,0,8
2589,-10.4,0,5
2590,-10.2,0,3
2591,-10.2,0,3
2592,-10.8,0,9
2593,-10.7,0,8
2594,-10.9,0,10
2595,-10.7,0,8
2596,-10.1,0,2
2597,-10.8,0,9
2598,-10.7,0,8
2599,-10.2,0,3
2600,-10.6,0,7
2601,-10.9,0,10
2602,-10.9,0,10
2603,-12.100000000000001,0,22
2604,-10.3,0,4
2605,-10.1,0,2
2606,-10.2,0,3
2607,-10.2,0,3
2608,-10.5,0,6
2609,-11.1,0,12
2610,-10.1,0,2
2611,-10.9,0,10
2612,-10.8,0,9
2613,-11.0,0,11
2614,-11.1,0,12
2615,-10.9,0,10
2616,-10.2,0,3
2617,-10.7,0,8
2618,-12.5,0,26
2619,-10.7,0,8
2620,-10.0,0,1
2621,-10.4,0,5
2622,-10.2,0,3
2623,-10.9,0,10
2624,-10.5,0,6
2625,89.20000000000002,1,9
2626,-10.1,0,2
2627,88.40000000000008,1,17
2628,-10.3,0,4
2629,-10.4,0,5
2630,-10.2,0,3
2631,-10.5,0,6
2632,-11.0,0,11
2633,-10.1,0,2
2634,-10.6,0,7
2635,-10.5,0,6
2636,-10.3,0,4
2637,-10.0,0,1
2638,89.20000000000003,1,9
2639,-10.5,0,6
2640,-10.0,0,1
2641,-10.3,0,4
2642,-10.9,0,10
2643,-10.0,0,1
2644,-10.3,0,4
2645,-10.4,0,5
2646,-10.7,0,8
2647,-10.6,0,7
2648,-10.0,0,1
2649,-10.9,0,10
2650,-10.1,0,2
2651,-10.4,0,5
2652,-10.3,0,4
2653,-10.6,0,7
2654,-10.1,0,2
2655,-10.0,0,1
2656,-11.0,0,11
2657,-11.4,0,15
2658,-10.9,0,10
2659,-10.8,0,9
2660,-10.8,0,9
2661,-10.9,0,10
2662,-10.1,0,2
2663,-10.7,0,8
2664,-10.7,0,8
2665,-10.2,0,3
2666,-11.1,0,12
2667,-10.1,0,2
2668,-10.5,0,6
2669,-10.8,0,9
2670,-10.3,0,4
2671,-10.2,0,3
2672,-10.2,0,3
2673,-10.7,0,8
2674,-10.6,0,7
2675,-10.8,0,9
2676,-10.8,0,9
2677,-10.0,0,1
2678,-10.9,0,10
2679,-10.5,0,6
2680,-10.1,0,2
2681,-10.9,0,10
2682,-10.4,0,5
2683,-10.7,0,8
2684,-11.3,0,14
2685,-10.1,0,2
2686,-10.8,0,9
2687,-10.9,0,10
2688,-10.7,0,8
2689,-10.6,0,7
2690,-10.5,0,6
2691,-10.8,0,9
2692,-10.0,0,1
2693,-10.6,0,7
2694,-10.4,0,5
2695,-10.8,0,9
2696,-10.2,0,3
2697,-10.6,0,7
2698,-10.1,0,2
2699,-10.1,0,2
2700,-10.9,0,10
2701,88.70000000000007,1,14
2702,-10.0,0,1
2703,-10.3,0,4
2704,-10.1,0,2
2705,-11.700000000000001,0,18
2706,-10.2,0,3
2707,-10.7,0,8
2708,89.00000000000001,1,11
2709,-10.9,0,10
2710,-10.6,0,7
2711,-10.4,0,5
2712,-10.8,0,9
2713,-10.8,0,9
2714,-10.0,0,1
2715,89.20000000000005,1,9
2716,-12.600000000000001,0,27
2717,-10.1,0,2
2718,-10.7,0,8
2719,-10.4,0,5
2720,-10.0,0,1
2721,-10.1,0,2
2722,-10.5,0,6
2723,-10.7,0,8
2724,-11.1,0,12
2725,-10.8,0,9
2726,-11.0,0,11
2727,-10.6,0,7
2728,-10.0,0,1
2729,-10.1,0,2
2730,-10.2,0,3
2731,-10.8,0,9
2732,-10.8,0,9
2733,-10.0,0,1
2734,-11.4,0,15
2735,-10.7,0,8
2736,-10.8,0,9
2737,89.30000000000001,1,8
2738,-10.9,0,10
2739,89.60000000000002,1,5
2740,-10.7,0,8
2741,-10.2,0,3
2742,-10.7,0,8
2743,-10.9,0,10
2744,-11.0,0,11
2745,-10.5,0,6
2746,-10.9,0,10
2747,-10.6,0,7
2748,-10.9,0,10
2749,-10.9,0,10
2750,-10.9,0,10
2751,-10.8,0,9
2752,-10.5,0,6
2753,-10.4,0,5
2754,-10.3,0,4
2755,-10.0,0,1
2756,-11.6,0,17
2757,-10.3,0,4
2758,-10.5,0,6
2759,89.20000000000003,1,9
2760,-10.8,0,9
2761,-10.1,0,2
2762,-10.6,0,7
2763,-10.2,0,3
2764,-10.3,0,4
2765,-11.2,0,13
2766,-10.2,0,3
2767,-10.8,0,9
2768,-10.8,0,9
2769,-11.1,0,12
2770,-10.7,0,8
2771,-10.7,0,8
2772,-11.0,0,11
2773,-10.4,0,5
2774,-10.1,0,2
2775,-10.6,0,7
2776,-11.3,0,14
2777,-10.7,0,8
2778,-10.2,0,3
2779,-10.8,0,9
2780,89.40000000000003,1,7
2781,-10.7,0,8
2782,-10.3,0,4
2783,-11.0,0,11
2784,-11.3,0,14
2785,-10.9,0,10
2786,-10.1,0,2
2787,-10.1,0,2
2788,-10.9,0,10
2789,-10.3,0,4
2790,-10.4,0,5
2791,-10.7,0,8
2792,-10.1,0,2
2793,-10.1,0,2
2794,-10.0,0,1
2795,-10.5,0,6
2796,-10.5,0,6
2797,-10.6,0,7
2798,-10.2,0,3
2799,-10.4,0,5
2800,89.40000000000003,1,7
2801,-10.1,0,2
2802,-10.8,0,9
2803,-10.5,0,6
2804,-10.4,0,5
2805,-10.6,0,7
2806,89.70000000000002,1,4
2807,-10.6,0,7
2808,-11.1,0,12
2809,-11.1,0,12
2810,-11.0,0,11
2811,-10.7,0,8
2812,-10.3,0,4
2813,-10.7,0,8
2814,-10.5,0,6
2815,-10.0,0,1
2816,-10.7,0,8
2817,-10.5,0,6
2818,-10.5,0,6
2819,-12.100000000000001,0,22
2820,-11.0,0,11
2821,89.2,1,9
2822,-10.2,0,3
2823,-10.9,0,10
2824,-10.6,0,7
2825,-10.3,0,4
2826,-10.9,0,10
2827,-10.1,0,2
2828,-10.0,0,1
2829,-11.1,0,12
2830,-10.9,0,10
2831,-10.2,0,3
2832,-10.0,0,1
2833,-10.3,0,4
2834,-11.2,0,13
2835,-11.1,0,12
2836,-10.0,0,1
2837,-10.4,0,5
2838,-10.1,0,2
2839,-10.3,0,4
2840,-10.8,0,9
2841,-10.5,0,6
2842,-11.3,0,14
2843,-10.0,0,1
2844,-10.9,0,10
2845,-10.3,0,4
2846,-10.6,0,7
2847,-11.0,0,11
2848,-10.8,0,9
2849,-10.8,0,9
2850,-10.1,0,2
2851,-10.4,0,5
2852,-10.0,0,1
2853,-10.7,0,8
2854,-10.4,0,5
2855,-11.1,0,12
2856,-10.8,0,9
2857,-10.2,0,3
2858,-10.6,0,7
2859,-10.0,0,1
2860,-10.0,0,1
2861,-10.8,0,9
2862,-10.9,0,10
2863,-10.2,0,3
2864,-10.7,0,8
2865,-11.1,0,12
2866,-10.7,0,8
2867,-10.3,0,4
2868,-10.4,0,5
2869,-10.8,0,9
2870,-10.4,0,5
2871,-10.6,0,7
2872,-10.3,0,4
2873,-10.2,0,3
2874,-10.4,0,5
2875,-10.0,0,1
2876,-11.0,0,11
2877,-10.0,0,1
2878,-11.1,0,12
2879,-10.6,0,7
2880,-10.6,0,7
2881,-10.5,0,6
2882,-10.2,0,3
2883,-11.700000000000001,0,18
2884,-10.8,0,9
2885,-11.0,0,11
2886,-10.7,0,8
2887,-10.6,0,7
2888,-12.4,0,25
2889,-10.4,0,5
2890,-11.9,0,20
2891,-10.7,0,8
2892,-10.1,0,2
2893,-10.4,0,5
2894,-10.5,0,6
2895,-10.0,0,1
2896,-11.3,0,14
2897,-11.0,0,11
2898,-10.6,0,7
2899,-11.3,0,14
2900,-10.2,0,3
2901,-10.0,0,1
2902,-10.0,0,1
2903,-10.9,0,10
2904,-10.9,0,10
2905,-11.2,0,13
2906,88.70000000000005,1,14
2907,-10.6,0,7
2908,-10.3,0,4
2909,-10.3,0,4
2910,-10.0,0,1
2911,-11.2,0,13
2912,-10.7,0,8
2913,-10.8,0,9
2914,-10.8,0,9
2915,-10.4,0,5
2916,-10.6,0,7
2917,88.70000000000003,1,14
2918,-10.4,0,5
2919,88.90000000000005,1,12
2920,-10.7,0,8
2921,-10.7,0,8
2922,-10.3,0,4
2923,-11.0,0,11
2924,-10.4,0,5
2925,-10.1,0,2
2926,-10.2,0,3
2927,-10.8,0,9
2928,-10.5,0,6
2929,-10.8,0,9
2930,-10.4,0,5
2931,-10.8,0,9
2932,-10.9,0,10
2933,-10.7,0,8
2934,-10.6,0,7
2935,-10.4,0,5
2936,-10.8,0,9
2937,-10.3,0,4
2938,-11.3,0,14
2939,-10.1,0,2
2940,-10.3,0,4
2941,-10.8,0,9
2942,-11.1,0,12
2943,-10.4,0,5
2944,89.50000000000003,1,6
2945,-10.2,0,3
2946,-10.8,0,9
2947,-11.2,0,13
2948,89.20000000000002,1,9
2949,-10.9,0,10
2950,-10.1,0,2
2951,-10.6,0,7
2952,-10.8,0,9
2953,-10.2,0,3
2954,-12.3,0,24
2955,-10.1,0,2
2956,-10.1,0,2
2957,-11.4,0,15
2958,-10.7,0,8
2959,-10.4,0,5
2960,-11.6,0,17
2961,-10.0,0,1
2962,-12.4,0,25
2963,-10.2,0,3
2964,-10.6,0,7
2965,-10.0,0,1
2966,-10.1,0,2
2967,-10.6,0,7
2968,-10.7,0,8
2969,88.60000000000002,1,15
2970,-10.7,0,8
2971,-10.7,0,8
2972,-10.2,0,3
2973,-10.3,0,4
2974,-10.3,0,4
2975,-10.1,0,2
2976,-10.3,0,4
2977,-10.3,0,4
2978,-10.0,0,1
2979,-10.7,0,8
2980,-10.6,0,7
2981,89.30000000000004,1,8
2982,-10.5,0,6
2983,-10.6,0,7
2984,-10.5,0,6
2985,-11.3,0,14
2986,-11.0,0,11
2987,-10.5,0,6
2988,88.90000000000003,1,12
2989,-10.0,0,1
2990,-10.7,0,8
2991,-10.8,0,9
2992,-10.2,0,3
2993,189.10000000000005,2,10
2994,-10.4,0,5
2995,-10.2,0,3
2996,-10.9,0,10
2997,-10.2,0,3
2998,-10.3,0,4
2999,-11.1,0,12
3000,-10.8,0,9
3001,-10.5,0,6
3002,-10.1,0,2
3003,-10.5,0,6
3004,-10.9,0,10
3005,-10.9,0,10
3006,-10.2,0,3
3007,-10.2,0,3
3008,-10.7,0,8
3009,-10.0,0,1
3010,-10.7,0,8
3011,-10.0,0,1
3012,-11.0,0,11
3013,-10.6,0,7
3014,-10.2,0,3
3015,-10.8,0,9
3016,-11.6,0,17
3017,-10.5,0,6
3018,-10.5,0,6
3019,-10.4,0,5
3020,-10.9,0,10
3021,-10.1,0,2
3022,-11.1,0,12
3023,-10.2,0,3
3024,-10.5,0,6
3025,-10.0,0,1
3026,-10.1,0,2
3027,-11.2,0,13
3028,-10.8,0,9
3029,-10.2,0,3
3030,-10.8,0,9
3031,-10.8,0,9
3032,-10.6,0,7
3033,-10.1,0,2
3034,-10.1,0,2
3035,-10.1,0,2
3036,-10.4,0,5
3037,-10.2,0,3
3038,-10.7,0,8
3039,-10.5,0,6
3040,-10.0,0,1
3041,-10.0,0,1
3042,-10.1,0,2
3043,-10.4,0,5
3044,-10.3,0,4
3045,-10.4,0,5
3046,-10.6,0,7
3047,-10.8,0,9
3048,89.10000000000002,1,10
3049,-10.8,0,9
3050,-11.9,0,20
3051,-11.2,0,13
3052,-10.3,0,4
3053,-10.3,0,4
3054,-10.3,0,4
3055,-10.5,0,6
3056,-10.8,0,9
3057,-10.9,0,10
3058,-10.0,0,1
3059,-10.2,0,3
3060,-10.5,0,6
3061,-10.8,0,9
3062,-11.0,0,11
3063,-11.2,0,13
3064,-10.8,0,9
3065,88.80000000000003,1,13
3066,-10.1,0,2
3067,-10.9,0,10
3068,-10.9,0,10
3069,88.20000000000005,1,19
3070,-10.5,0,6
3071,-10.4,0,5
3072,-10.9,0,10
3073,-10.0,0,1
3074,-10.0,0,1
3075,-10.1,0,2
3076,-11.8,0,19
3077,-10.8,0,9
3078,89.40000000000003,1,7
3079,-10.5,0,6
3080,88.70000000000005,1,14
3081,-10.0,0,1
3082,-10.8,0,9
3083,-10.4,0,5
3084,-11.6,0,17
3085,-10.3,0,4
3086,-10.2,0,3
3087,-10.8,0,9
3088,-10.5,0,6
3089,-10.4,0,5
3090,-11.4,0,15
3091,-10.7,0,8
3092,-11.700000000000001,0,18
3093,-11.1,0,12
3094,89.00000000000004,1,11
3095,-10.4,0,5
3096,-10.9,0,10
3097,87.60000000000001,1,25
3098,88.70000000000006,1,14
3099,-11.3,0,14
3100,-10.9,0,10
3101,-10.8,0,9
3102,-11.1,0,12
3103,89.60000000000002,1,5
3104,-10.8,0,9
3105,-11.0,0,11
3106,-10.4,0,5
3107,-10.0,0,1
3108,-10.1,0,2
3109,-10.6,0,7
3110,-10.6,0,7
3111,-10.6,0,7
3112,-10.0,0,1
3113,-10.9,0,10
3114,-11.4,0,15
3115,-11.2,0,13
3116,-10.7,0,8
3117,-10.3,0,4
3118,-10.1,0,2
3119,-10.1,0,2
3120,-10.6,0,7
3121,-12.100000000000001,0,22
3122,-10.4,0,5
3123,-11.1,0,12
3124,-10.1,0,2
3125,-10.3,0,4
3126,-10.6,0,7
3127,-10.5,0,6
3128,-10.9,0,10
3129,-10.4,0,5
3130,-10.1,0,2
3131,-10.0,0,1
3132,-10.9,0,10
3133,-10.4,0,5
3134,-12.5,0,26
3135,-10.0,0,1
3136,-10.1,0,2
3137,-10.2,0,3
3138,-10.6,0,7
3139,-11.0,0,11
3140,-11.1,0,12
3141,-10.4,0,5
3142,-11.0,0,11
3143,-11.8,0,19
3144,-10.7,0,8
3145,-10.6,0,7
3146,-10.4,0,5
3147,-10.8,0,9
3148,-10.7,0,8
3149,-10.8,0,9
3150,-11.1,0,12
3151,-10.2,0,3
3152,-10.4,0,5
3153,-10.4,0,5
3154,-10.8,0,9
3155,-11.0,0,11
3156,-10.3,0,4
3157,-10.4,0,5
3158,-10.9,0,10
3159,-10.5,0,6
3160,-10.1,0,2
3161,-10.8,0,9
3162,-11.1,0,12
3163,89.20000000000002,1,9
3164,-11.0,0,11
3165,-10.5,0,6
3166,-10.0,0,1
3167,-10.8,0,9
3168,-10.1,0,2
3169,-10.5,0,6
3170,-10.5,0,6
3171,-11.0,0,11
3172,89.20000000000002,1,9
3173,-10.4,0,5
3174,-10.5,0,6
3175,-10.9,0,10
3176,-10.7,0,8
3177,-10.4,0,5
3178,-10.1,0,2
3179,-10.8,0,9
3180,-10.2,0,3
3181,89.60000000000002,1,5
3182,-10.1,0,2
3183,-10.9,0,10
3184,-10.0,0,1
3185,-10.9,0,10
3186,-11.0,0,11
3187,-10.7,0,8
3188,-10.2,0,3
3189,-10.0,0,1
3190,-11.6,0,17
3191,-12.900000000000002,0,30
3192,-11.1,0,12
3193,-10.5,0,6
3194,-10.0,0,1
3195,-11.4,0,15
3196,-12.3,0,24
3197,-11.1,0,12
3198,-10.7,0,8
3199,-10.6,0,7
3200,-11.700000000000001,0,18
3201,-10.1,0,2
3202,-11.0,0,11
3203,-10.2,0,3
3204,-10.9,0,10
3205,-13.000000000000002,0,31
3206,-10.1,0,2
3207,-11.0,0,11
3208,-10.1,0,2
3209,-10.4,0,5
3210,-10.3,0,4
3211,-10.1,0,2
3212,-10.3,0,4
3213,-10.6,0,7
3214,-10.1,0,2
3215,-11.0,0,11
3216,-10.8,0,9
3217,-10.2,0,3
3218,-10.4,0,5
3219,-11.0,0,11
3220,-10.4,0,5
3221,89.5,1,6
3222,-11.4,0,15
3223,-11.0,0,11
3224,88.60000000000005,1,15
3225,-10.7,0,8
3226,-10.2,0,3
3227,-10.2,0,3
3228,-11.3,0,14
3229,-11.6,0,17
3230,-10.5,0,6
3231,-10.6,0,7
3232,-11.6,0,17
3233,-10.3,0,4
3234,-11.700000000000001,0,18
3235,-11.6,0,17
3236,-11.0,0,11
3237,87.40000000000015,1,27
3238,-10.6,0,7
3239,-11.1,0,12
3240,-10.2,0,3
3241,-10.6,0,7
3242,-10.7,0,8
3243,-10.0,0,1
3244,-10.0,0,1
3245,-10.2,0,3
3246,-10.4,0,5
3247,-11.3,0,14
3248,88.60000000000007,1,15
3249,-10.5,0,6
3250,-10.6,0,7
3251,-10.8,0,9
3252,-11.1,0,12
3253,-10.8,0,9
3254,86.40000000000003,1,37
3255,-10.6,0,7
3256,-10.6,0,7
3257,-10.3,0,4
3258,-10.0,0,1
3259,-10.3,0,4
3260,-10.6,0,7
3261,89.10000000000002,1,10
3262,-10.6,0,7
3263,-10.9,0,10
3264,86.60000000000007,1,35
3265,-10.1,0,2
3266,-10.6,0,7
3267,-10.7,0,8
3268,-10.0,0,1
3269,-10.8,0,9
3270,-10.4,0,5
3271,-10.7,0,8
3272,-10.0,0,1
3273,-10.7,0,8
3274,-10.3,0,4
3275,-10.2,0,3
3276,-10.8,0,9
3277,-10.4,0,5
3278,-10.6,0,7
3279,-10.5,0,6
3280,-10.3,0,4
3281,89.30000000000003,1,8
3282,89.2,1,9
3283,-10.6,0,7
3284,-11.9,0,20
3285,-11.8,0,19
3286,-10.5,0,6
3287,-10.2,0,3
3288,-10.5,0,6
3289,-11.3,0,14
3290,-10.1,0,2
3291,-10.9,0,10
3292,-10.5,0,6
3293,-11.700000000000001,0,18
3294,-10.9,0,10
3295,-11.8,0,19
3296,-10.1,0,2
3297,-10.0,0,1
3298,-10.7,0,8
3299,-10.5,0,6
3300,-11.3,0,14
3301,89.50000000000001,1,6
3302,-11.3,0,14
3303,-10.9,0,10
3304,-10.7,0,8
3305,-11.1,0,12
3306,-10.4,0,5
3307,-10.6,0,7
3308,88.30000000000004,1,18
3309,-11.4,0,15
3310,-10.9,0,10
3311,-10.0,0,1
3312,-10.6,0,7
3313,-10.2,0,3
3314,89.00000000000003,1,11
3315,-11.6,0,17
3316,-10.0,0,1
3317,-10.6,0,7
3318,-10.4,0,5
3319,-10.4,0,5
3320,-10.7,0,8
3321,-10.4,0,5
3322,-10.0,0,1
3323,-10.5,0,6
3324,-10.8,0,9
3325,-10.7,0,8
3326,-10.0,0,1
3327,87.90000000000003,1,22
3328,-10.6,0,7
3329,-11.0,0,11
3330,-10.4,0,5
3331,-10.9,0,10
3332,-10.8,0,9
3333,-10.2,0,3
3334,-10.6,0,7
3335,-10.4,0,5
3336,-10.9,0,10
3337,-10.2,0,3
3338,-10.8,0,9
3339,89.10000000000004,1,10
3340,-10.0,0,1
3341,-10.7,0,8
3342,-10.9,0,10
3343,-10.0,0,1
3344,-10.9,0,10
3345,-10.1,0,2
3346,89.60000000000002,1,5
3347,88.50000000000006,1,16
3348,-10.7,0,8
3349,-10.0,0,1
3350,-12.4,0,25
3351,-10.5,0,6
3352,-10.3,0,4
3353,-10.9,0,10
3354,-10.2,0,3
3355,-10.5,0,6
3356,-10.5,0,6
3357,-10.4,0,5
3358,189.30000000000004,2,8
3359,-10.7,0,8
3360,-10.6,0,7
3361,-10.6,0,7
3362,-10.9,0,10
3363,-10.3,0,4
3364,-10.8,0,9
3365,-10.7,0,8
3366,-11.0,0,11
3367,-10.9,0,10
3368,-10.0,0,1
3369,-10.2,0,3
3370,-10.3,0,4
3371,-10.4,0,5
3372,-10.1,0,2
3373,-10.8,0,9
3374,-10.4,0,5
3375,-11.8,0,19
3376,-10.3,0,4
3377,-10.3,0,4
3378,-10.2,0,3
3379,-10.2,0,3
3380,-10.0,0,1
3381,-10.0,0,1
3382,-11.2,0,13
3383,89.20000000000002,1,9
3384,-10.4,0,5
3385,-10.0,0,1
3386,-10.8,0,9
3387,-10.4,0,5
3388,-11.0,0,11
3389,-10.6,0,7
3390,-10.5,0,6
3391,-12.200000000000001,0,23
3392,89.40000000000002,1,7
3393,-10.8,0,9
3394,-11.0,0,11
3395,-10.5,0,6
3396,-10.9,0,10
3397,-10.4,0,5
3398,-10.4,0,5
3399,-10.7,0,8
3400,-11.0,0,11
3401,-10.7,0,8
3402,-10.2,0,3
3403,-10.9,0,10
3404,-10.6,0,7
3405,-10.4,0,5
3406,-10.8,0,9
3407,-10.0,0,1
3408,-10.3,0,4
3409,89.20000000000003,1,9
3410,-10.7,0,8
3411,-10.5,0,6
3412,89.40000000000003,1,7
3413,-10.2,0,3
3414,-10.8,0,9
3415,-10.1,0,2
3416,-10.7,0,8
3417,-10.8,0,9
3418,-10.8,0,9
3419,-11.4,0,15
3420,-12.4,0,25
3421,-10.7,0,8
3422,-10.2,0,3
3423,-10.8,0,9
3424,-11.0,0,11
3425,-10.7,0,8
3426,-10.6,0,7
3427,-10.2,0,3
3428,-10.3,0,4
3429,-10.8,0,9
3430,86.60000000000001,1,35
3431,-10.7,0,8
3432,-11.1,0,12
3433,-10.1,0,2
3434,-10.0,0,1
3435,-10.2,0,3
3436,-10.1,0,2
3437,-10.1,0,2
3438,-10.7,0,8
3439,89.60000000000001,1,5
3440,-10.9,0,10
3441,-10.5,0,6
3442,-10.1,0,2
3443,-10.9,0,10
3444,-10.4,0,5
3445,-11.2,0,13
3446,-10.0,0,1
3447,-10.2,0,3
3448,-10.4,0,5
3449,89.10000000000002,1,10
3450,-10.0,0,1
3451,89.30000000000001,1,8
3452,-11.2,0,13
3453,-10.9,0,10
3454,-10.2,0,3
3455,-10.3,0,4
3456,-10.6,0,7
3457,-10.1,0,2
3458,-10.2,0,3
3459,-11.0,0,11
3460,-10.7,0,8
3461,-10.9,0,10
3462,-10.0,0,1
3463,-10.1,0,2
3464,-10.3,0,4
3465,-10.8,0,9
3466,-11.3,0,14
3467,-10.1,0,2
3468,-10.1,0,2
3469,-10.4,0,5
3470,-11.5,0,16
3471,88.5,1,16
3472,-10.2,0,3
3473,-10.4,0,5
3474,-10.7,0,8
3475,-12.0,0,21
3476,-11.3,0,14
3477,-12.5,0,26
3478,-10.8,0,9
3479,-10.9,0,10
3480,-10.0,0,1
3481,-10.8,0,9
3482,-10.7,0,8
3483,-10.0,0,1
3484,89.10000000000002,1,10
3485,-11.1,0,12
3486,-10.9,0,10
3487,-10.1,0,2
3488,-10.7,0,8
3489,-10.1,0,2
3490,-10.0,0,1
3491,-10.0,0,1
3492,-10.9,0,10
3493,-10.7,0,8
3494,-10.9,0,10
3495,-10.5,0,6
3496,-10.0,0,1
3497,-10.9,0,10
3498,-10.2,0,3
3499,-10.7,0,8
3500,-10.5,0,6
3501,-10.2,0,3
3502,-11.9,0,20
3503,-11.4,0,15
3504,-10.7,0,8
3505,-10.7,0,8
3506,-10.6,0,7
3507,-11.2,0,13
3508,-10.2,0,3
3509,-10.7,0,8
3510,-10.5,0,6
3511,-10.3,0,4
3512,-10.7,0,8
3513,-10.4,0,5
3514,-10.6,0,7
3515,-10.0,0,1
3516,-11.5,0,16
3517,-10.4,0,5
3518,288.70000000000005,3,14
3519,-10.0,0,1
3520,-11.1,0,12
3521,-10.8,0,9
3522,-10.1,0,2
3523,-11.9,0,20
3524,-12.200000000000001,0,23
3525,-11.700000000000001,0,18
3526,-10.6,0,7
3527,-10.6,0,7
3528,-10.4,0,5
3529,-10.1,0,2
3530,-10.2,0,3
3531,-10.6,0,7
3532,-10.0,0,1
3533,-10.0,0,1
3534,-10.7,0,8
3535,-10.0,0,1
3536,88.00000000000003,1,21
3537,-12.0,0,21
3538,-10.8,0,9
3539,-10.3,0,4
3540,-11.4,0,15
3541,-10.0,0,1
3542,-11.0,0,11
3543,-10.9,0,10
3544,-11.0,0,11
3545,-10.7,0,8
3546,-10.6,0,7
3547,-10.4,0,5
3548,-11.1,0,12
3549,-10.0,0,1
3550,-10.1,0,2
3551,89.10000000000004,1,10
3552,-10.7,0,8
3553,-10.9,0,10
3554,-10.3,0,4
3555,-11.0,0,11
3556,-10.1,0,2
3557,-10.9,0,10
3558,-11.8,0,19
3559,-11.0,0,11
3560,-10.4,0,5
3561,-10.9,0,10
3562,-10.3,0,4
3563,-12.100000000000001,0,22
3564,-10.2,0,3
3565,-10.7,0,8
3566,-10.9,0,10
3567,-11.3,0,14
3568,88.30000000000001,1,18
3569,-10.6,0,7
3570,-10.9,0,10
3571,-10.1,0,2
3572,-10.5,0,6
3573,-11.1,0,12
3574,-10.1,0,2
3575,-10.5,0,6
3576,-10.6,0,7
3577,-10.7,0,8
3578,-10.5,0,6
3579,-11.9,0,20
3580,-10.0,0,1
3581,-10.4,0,5
3582,-10.2,0,3
3583,-10.7,0,8
3584,-10.7,0,8
3585,-10.7,0,8
3586,-10.6,0,7
3587,-10.0,0,1
3588,-11.9,0,20
3589,-10.0,0,1
3590,-10.0,0,1
3591,89.20000000000002,1,9
3592,-10.2,0,3
3593,-10.4,0,5
3594,-10.1,0,2
3595,-10.2,0,3
3596,-10.0,0,1
3597,-10.9,0,10
3598,-10.7,0,8
3599,-10.4,0,5
3600,-10.0,0,1
3601,-10.9,0,10
3602,-10.9,0,10
3603,-10.4,0,5
3604,-10.3,0,4
3605,-10.9,0,10
3606,-11.3,0,14
3607,-10.9,0,10
3608,-10.0,0,1
3609,-10.3,0,4
3610,-10.4,0,5
3611,-10.1,0,2
3612,-10.7,0,8
3613,-10.0,0,1
3614,-10.0,0,1
3615,-10.9,0,10
3616,-10.6,0,7
3617,-11.2,0,13
3618,-10.1,0,2
3619,-10.1,0,2
3620,89.30000000000001,1,8
3621,-10.7,0,8
3622,-10.4,0,5
3623,-10.3,0,4
3624,-10.0,0,1
3625,-10.6,0,7
3626,-10.1,0,2
3627,-10.3,0,4
3628,-10.0,0,1
3629,-10.3,0,4
3630,-10.1,0,2
3631,-10.7,0,8
3632,-10.2,0,3
3633,-11.5,0,16
3634,-10.0,0,1
3635,89.10000000000001,1,10
3636,-10.8,0,9
3637,-10.1,0,2
3638,-10.4,0,5
3639,-10.1,0,2
3640,-10.9,0,10
3641,-10.3,0,4
3642,-10.6,0,7
3643,-10.5,0,6
3644,-10.9,0,10
3645,-12.200000000000001,0,23
3646,-11.0,0,11
3647,-10.3,0,4
3648,-10.1,0,2
3649,-10.7,0,8
3650,-10.4,0,5
3651,-11.0,0,11
3652,-11.2,0,13
3653,-11.2,0,13
3654,-10.1,0,2
3655,-12.600000000000001,0,27
3656,-10.7,0,8
3657,-10.8,0,9
3658,-10.3,0,4
3659,-10.6,0,7
3660,-10.5,0,6
3661,-10.9,0,10
3662,-11.0,0,11
3663,-10.8,0,9
3664,-10.2,0,3
3665,-10.8,0,9
3666,87.80000000000011,1,23
3667,-11.6,0,17
3668,-10.8,0,9
3669,-10.4,0,5
3670,-11.0,0,11
3671,-10.0,0,1
3672,-10.9,0,10
3673,-10.4,0,5
3674,-10.4,0,5
3675,-10.6,0,7
3676,-11.0,0,11
3677,-10.8,0,9
3678,-10.1,0,2
3679,-11.1,0,12
3680,-10.6,0,7
3681,88.40000000000003,1,17
3682,-11.4,0,15
3683,-10.4,0,5
3684,-10.4,0,5
3685,-10.4,0,5
3686,-10.7,0,8
3687,-11.0,0,11
3688,-10.6,0,7
3689,-11.3,0,14
3690,-10.8,0,9
3691,-11.3,0,14
3692,-10.1,0,2
3693,-11.0,0,11
3694,-10.8,0,9
3695,-10.7,0,8
3696,-10.6,0,7
3697,-11.1,0,12
3698,-11.1,0,12
3699,-10.8,0,9
3700,-10.8,0,9
3701,-10.7,0,8
3702,-11.3,0,14
3703,-10.3,0,4
3704,-10.2,0,3
3705,-11.4,0,15
3706,89.7,1,4
3707,-10.7,0,8
3708,-10.7,0,8
3709,-10.2,0,3
3710,-10.2,0,3
3711,-10.4,0,5
3712,-10.2,0,3
3713,-10.9,0,10
3714,-10.7,0,8
3715,-10.9,0,10
3716,-10.8,0,9
3717,-11.1,0,12
3718,-10.3,0,4
3719,-10.6,0,7
3720,-10.7,0,8
3721,-10.7,0,8
3722,-11.2,0,13
3723,-10.6,0,7
3724,-10.8,0,9
3725,-10.9,0,10
3726,-10.9,0,10
3727,-11.0,0,11
3728,-10.6,0,7
3729,-10.5,0,6
3730,-10.1,0,2
3731,-10.5,0,6
3732,89.7,1,4
3733,-11.2,0,13
3734,-10.4,0,5
3735,-10.9,0,10
3736,-10.9,0,10
3737,-11.0,0,11
3738,-11.6,0,17
3739,-10.6,0,7
3740,-10.5,0,6
3741,-11.700000000000001,0,18
3742,-10.0,0,1
3743,-10.8,0,9
3744,-10.9,0,10
3745,-10.3,0,4
3746,-10.5,0,6
3747,-10.5,0,6
3748,-11.3,0,14
3749,-10.0,0,1
3750,-10.9,0,10
3751,-11.1,0,12
3752,89.30000000000001,1,8
3753,-10.3,0,4
3754,-10.5,0,6
3755,88.00000000000006,1,21
3756,-11.5,0,16
3757,-10.9,0,10
3758,-10.1,0,2
3759,88.40000000000003,1,17
3760,-11.1,0,12
3761,-10.9,0,10
3762,-11.0,0,11
3763,-10.6,0,7
3764,-10.3,0,4
3765,-10.6,0,7
3766,87.30000000000005,1,28
3767,89.20000000000002,1,9
3768,-10.5,0,6
3769,-11.2,0,13
3770,-10.6,0,7
3771,-10.4,0,5
3772,-11.1,0,12
3773,-10.9,0,10
3774,-11.0,0,11
3775,-10.3,0,4
3776,-10.2,0,3
3777,-11.3,0,14
3778,-10.4,0,5
3779,-11.3,0,14
3780,-10.3,0,4
3781,-10.2,0,3
3782,-10.0,0,1
3783,89.30000000000003,1,8
3784,-11.2,0,13
3785,89.10000000000004,1,10
3786,-11.700000000000001,0,18
3787,-10.0,0,1
3788,-10.2,0,3
3789,-10.4,0,5
3790,-11.0,0,11
3791,-10.2,0,3
3792,-10.5,0,6
3793,-11.1,0,12
3794,-10.8,0,9
3795,-10.3,0,4
3796,-10.7,0,8
3797,-10.0,0,1
3798,-10.1,0,2
3799,-10.0,0,1
3800,-12.900000000000002,0,30
3801,-10.7,0,8
3802,-10.0,0,1
3803,-10.6,0,7
3804,-10.9,0,10
3805,-10.8,0,9
3806,-10.4,0,5
3807,-10.3,0,4
3808,89.10000000000001,1,10
3809,-10.7,0,8
3810,-10.3,0,4
3811,-10.5,0,6
3812,-10.1,0,2
3813,-11.0,0,11
3814,88.90000000000005,1,12
3815,-11.2,0,13
3816,-10.3,0,4
3817,-11.0,0,11
3818,-10.8,0,9
3819,-10.2,0,3
3820,-10.3,0,4
3821,-11.0,0,11
3822,-10.7,0,8
3823,-10.4,0,5
3824,-10.0,0,1
3825,-10.6,0,7
3826,-10.4,0,5
3827,-11.6,0,17
3828,-11.2,0,13
3829,89.00000000000004,1,11
3830,187.7000000000001,2,24
3831,-12.200000000000001,0,23
3832,-12.5,0,26
3833,-10.8,0,9
3834,-10.8,0,9
3835,-10.8,0,9
3836,-10.4,0,5
3837,-10.8,0,9
3838,-10.5,0,6
3839,-11.0,0,11
3840,-11.4,0,15
3841,-10.9,0,10
3842,-11.6,0,17
3843,-10.7,0,8
3844,-12.8,0,29
3845,-10.5,0,6
3846,89.20000000000002,1,9
3847,-10.5,0,6
3848,-10.4,0,5
3849,-10.6,0,7
3850,-11.1,0,12
3851,-10.1,0,2
3852,-10.1,0,2
3853,-10.7,0,8
3854,-10.4,0,5
3855,88.60000000000005,1,15
3856,-10.9,0,10
3857,-10.9,0,10
3858,-10.0,0,1
3859,-11.1,0,12
3860,-10.6,0,7
3861,-10.7,0,8
3862,-11.1,0,12
3863,-10.7,0,8
3864,-10.7,0,8
3865,89.60000000000002,1,5
3866,-10.9,0,10
3867,-11.1,0,12
3868,-10.5,0,6
3869,-11.4,0,15
3870,-12.0,0,21
3871,-12.0,0,21
3872,-10.2,0,3
3873,89.20000000000005,1,9
3874,-10.5,0,6
3875,-10.9,0,10
3876,-10.8,0,9
3877,-10.4,0,5
3878,-11.3,0,14
3879,-10.4,0,5
3880,-11.6,0,17
3881,-10.8,0,9
3882,-11.4,0,15
3883,-10.5,0,6
3884,-10.7,0,8
3885,-10.2,0,3
3886,87.80000000000005,1,23
3887,-10.7,0,8
3888,-11.2,0,13
3889,-10.7,0,8
3890,-12.8,0,29
3891,89.10000000000002,1,10
3892,-10.1,0,2
3893,-10.3,0,4
3894,-11.1,0,12
3895,-10.4,0,5
3896,-10.6,0,7
3897,-10.3,0,4
3898,-10.7,0,8
3899,-11.4,0,15
3900,-10.8,0,9
3901,-11.4,0,15
3902,-10.5,0,6
3903,-10.3,0,4
3904,-10.9,0,10
3905,-10.1,0,2
3906,-10.5,0,6
3907,-10.5,0,6
3908,88.9,1,12
3909,-10.0,0,1
3910,-11.3,0,14
3911,-10.3,0,4
3912,88.80000000000004,1,13
3913,88.30000000000008,1,18
3914,-10.3,0,4
3915,-10.7,0,8
3916,-10.9,0,10
3917,-10.4,0,5
3918,-11.0,0,11
3919,-11.0,0,11
3920,-10.2,0,3
3921,-10.7,0,8
3922,-10.5,0,6
3923,-10.6,0,7
3924,-10.0,0,1
3925,88.30000000000007,1,18
3926,-11.9,0,20
3927,-10.1,0,2
3928,-10.7,0,8
3929,-10.3,0,4
3930,-10.0,0,1
3931,-10.9,0,10
3932,89.70000000000002,1,4
3933,-11.5,0,16
3934,-13.200000000000001,0,33
3935,-10.0,0,1
3936,-10.0,0,1
3937,89.40000000000003,1,7
3938,-11.1,0,12
3939,-11.4,0,15
3940,-10.6,0,7
3941,-10.8,0,9
3942,89.10000000000004,1,10
3943,-10.1,0,2
3944,-10.7,0,8
3945,-10.7,0,8
3946,-12.0,0,21
3947,-10.3,0,4
3948,-10.5,0,6
3949,-10.7,0,8
3950,-10.6,0,7
3951,-10.6,0,7
3952,-13.200000000000001,0,33
3953,89.30000000000001,1,8
3954,-10.2,0,3
3955,-10.6,0,7
3956,-10.0,0,1
3957,-10.9,0,10
3958,-12.100000000000001,0,22
3959,88.2000000000001,1,19
3960,-10.3,0,4
3961,-10.6,0,7
3962,-10.5,0,6
3963,-11.9,0,20
3964,88.50000000000004,1,16
3965,-10.5,0,6
3966,-10.0,0,1
3967,-10.8,0,9
3968,-10.5,0,6
3969,89.60000000000002,1,5
3970,-11.4,0,15
3971,-11.1,0,12
3972,-10.5,0,6
3973,-10.6,0,7
3974,-10.8,0,9
3975,-10.6,0,7
3976,-10.7,0,8
3977,-10.6,0,7
3978,-10.8,0,9
3979,-10.9,0,10
3980,-11.0,0,11
3981,-10.6,0,7
3982,-10.4,0,5
3983,-10.2,0,3
3984,-12.4,0,25
3985,-10.1,0,2
3986,-10.6,0,7
3987,-11.2,0,13
3988,-10.9,0,10
3989,-10.7,0,8
3990,89.30000000000003,1,8
3991,-10.3,0,4
3992,-11.9,0,20
3993,-10.6,0,7
3994,-11.4,0,15
3995,-10.9,0,10
3996,-10.2,0,3
3997,-10.9,0,10
3998,-10.0,0,1
3999,-10.7,0,8
4000,-11.0,0,11
4001,88.30000000000003,1,18
4002,-10.6,0,7
4003,-10.3,0,4
4004,-10.5,0,6
4005,-10.5,0,6
4006,-10.7,0,8
4007,89.50000000000003,1,6
4008,-11.4,0,15
4009,-10.0,0,1
4010,-10.7,0,8
4011,-13.800000000000002,0,39
4012,-10.8,0,9
4013,-10.7,0,8
4014,-10.8,0,9
4015,-10.7,0,8
4016,-10.7,0,8
4017,-11.8,0,19
4018,-10.7,0,8
4019,-10.3,0,4
4020,89.20000000000005,1,9
4021,-10.8,0,9
4022,-10.4,0,5
4023,89.00000000000004,1,11
4024,-11.1,0,12
4025,89.10000000000001,1,10
4026,-10.2,0,3
4027,-10.5,0,6
4028,-11.1,0,12
4029,-10.3,0,4
4030,-11.1,0,12
4031,-10.0,0,1
4032,-10.5,0,6
4033,-10.7,0,8
4034,-10.8,0,9
4035,-10.4,0,5
4036,87.40000000000008,1,27
4037,-10.6,0,7
4038,-10.7,0,8
4039,-10.4,0,5
4040,-10.9,0,10
4041,189.60000000000002,2,5
4042,-11.5,0,16
4043,-10.0,0,1
4044,-10.1,0,2
4045,-10.0,0,1
4046,-10.6,0,7
4047,-10.3,0,4
4048,-10.8,0,9
4049,-10.5,0,6
4050,-10.0,0,1
4051,-10.1,0,2
4052,89.10000000000002,1,10
4053,-10.8,0,9
4054,-10.6,0,7
4055,-10.6,0,7
4056,-11.0,0,11
4057,-11.1,0,12
4058,-11.3,0,14
4059,-10.6,0,7
4060,88.60000000000007,1,15
4061,-10.6,0,7
4062,-10.7,0,8
4063,-11.8,0,19
4064,88.20000000000006,1,19
4065,-10.3,0,4
4066,-10.8,0,9
4067,-11.1,0,12
4068,-10.8,0,9
4069,-13.500000000000002,0,36
4070,-10.8,0,9
4071,-10.4,0,5
4072,-11.3,0,14
4073,-10.0,0,1
4074,-10.8,0,9
4075,-10.6,0,7
4076,-10.5,0,6
4077,-12.100000000000001,0,22
4078,-10.9,0,10
4079,-10.6,0,7
4080,-10.3,0,4
4081,-11.9,0,20
4082,88.70000000000002,1,14
4083,89.80000000000001,1,3
4084,-10.3,0,4
4085,-11.5,0,16
4086,87.40000000000003,1,27
4087,87.90000000000006,1,22
4088,-10.1,0,2
4089,-10.6,0,7
4090,89.10000000000002,1,10
4091,-11.4,0,15
4092,-10.1,0,2
4093,-10.7,0,8
4094,-10.2,0,3
4095,-10.6,0,7
4096,-14.200000000000001,0,43
4097,-11.9,0,20
4098,-10.9,0,10
4099,-10.9,0,10
4100,-11.4,0,15
4101,-10.4,0,5
4102,-10.5,0,6
4103,89.30000000000003,1,8
4104,-12.5,0,26
4105,-10.5,0,6
4106,-11.0,0,11
4107,-10.4,0,5
4108,-10.5,0,6
4109,-11.0,0,11
4110,-10.3,0,4
4111,-10.9,0,10
4112,-12.200000000000001,0,23
4113,-10.4,0,5
4114,-10.4,0,5
4115,-13.200000000000001,0,33
4116,88.70000000000003,1,14
4117,-11.1,0,12
4118,-10.5,0,6
4119,-10.2,0,3
4120,-12.0,0,21
4121,-10.9,0,10
4122,-10.1,0,2
4123,-10.7,0,8
4124,-10.2,0,3
4125,-10.9,0,10
4126,-10.0,0,1
4127,-11.3,0,14
4128,-11.4,0,15
4129,-11.2,0,13
4130,89.30000000000001,1,8
4131,-10.5,0,6
4132,-10.4,0,5
4133,88.80000000000003,1,13
4134,-10.6,0,7
4135,89.10000000000004,1,10
4136,-10.4,0,5
4137,-10.5,0,6
4138,-10.8,0,9
4139,-10.8,0,9
4140,88.30000000000004,1,18
4141,-10.8,0,9
4142,-10.3,0,4
4143,87.40000000000006,1,27
4144,-11.2,0,13
4145,-10.6,0,7
4146,-11.2,0,13
4147,89.10000000000001,1,10
4148,-10.0,0,1
4149,-10.0,0,1
4150,-10.8,0,9
4151,-10.4,0,5
4152,-10.1,0,2
4153,-11.0,0,11
4154,-10.2,0,3
4155,-10.0,0,1
4156,-14.200000000000001,0,43
4157,89.60000000000001,1,5
4158,-10.6,0,7
4159,-10.6,0,7
4160,-10.1,0,2
4161,-11.3,0,14
4162,-10.9,0,10
4163,-10.0,0,1
4164,-10.6,0,7
4165,-10.6,0,7
4166,-11.0,0,11
4167,189.60000000000002,2,5
4168,-10.5,0,6
4169,-10.2,0,3
4170,-10.2,0,3
4171,-10.0,0,1
4172,-10.4,0,5
4173,-10.5,0,6
4174,-10.1,0,2
4175,-10.5,0,6
4176,-10.0,0,1
4177,-10.9,0,10
4178,-10.0,0,1
4179,-10.8,0,9
4180,-10.0,0,1
4181,-10.2,0,3
4182,-10.0,0,1
4183,-10.6,0,7
4184,-11.1,0,12
4185,-10.6,0,7
4186,-10.8,0,9
4187,-11.0,0,11
4188,88.30000000000003,1,18
4189,-10.0,0,1
4190,-10.2,0,3
4191,-10.3,0,4
4192,-13.400000000000002,0,35
4193,-10.9,0,10
4194,-11.0,0,11
4195,-11.2,0,13
4196,-10.4,0,5
4197,89.70000000000002,1,4
4198,-10.3,0,4
4199,-10.0,0,1
4200,-10.2,0,3
4201,-11.6,0,17
4202,-10.5,0,6
4203,-11.2,0,13
4204,-10.3,0,4
4205,-11.3,0,14
4206,-11.6,0,17
4207,-10.8,0,9
4208,-10.6,0,7
4209,-10.4,0,5
4210,-10.0,0,1
4211,-10.2,0,3
4212,-10.9,0,10
4213,88.80000000000004,1,13
4214,-10.5,0,6
4215,-10.0,0,1
4216,-10.0,0,1
4217,-10.1,0,2
4218,-11.0,0,11
4219,188.50000000000006,2,16
4220,-11.1,0,12
4221,-10.2,0,3
4222,-10.5,0,6
4223,-11.8,0,19
4224,-10.5,0,6
4225,-12.100000000000001,0,22
4226,-10.1,0,2
4227,88.10000000000008,1,20
4228,-10.9,0,10
4229,-10.8,0,9
4230,-10.7,0,8
4231,-10.9,0,10
4232,-10.9,0,10
4233,-10.1,0,2
4234,-10.4,0,5
4235,-10.3,0,4
4236,-10.1,0,2
4237,-11.1,0,12
4238,-10.8,0,9
4239,-11.2,0,13
4240,-10.3,0,4
4241,-10.0,0,1
4242,-10.9,0,10
4243,-10.9,0,10
4244,-10.6,0,7
4245,-11.1,0,12
4246,-10.1,0,2
4247,-10.1,0,2
4248,-10.3,0,4
4249,-10.9,0,10
4250,89.60000000000002,1,5
4251,-10.1,0,2
4252,-11.0,0,11
4253,-11.700000000000001,0,18
4254,-11.6,0,17
4255,-10.6,0,7
4256,-10.7,0,8
4257,-10.3,0,4
4258,-11.0,0,11
4259,-10.7,0,8
4260,-10.4,0,5
4261,86.80000000000001,1,33
4262,-10.8,0,9
4263,-10.0,0,1
4264,-10.2,0,3
4265,-10.6,0,7
4266,-11.2,0,13
4267,-11.2,0,13
4268,-10.8,0,9
4269,-10.7,0,8
4270,-10.4,0,5
4271,188.80000000000007,2,13
4272,-10.1,0,2
4273,-10.6,0,7
4274,-10.8,0,9
4275,-10.1,0,2
4276,-10.5,0,6
4277,-10.1,0,2
4278,-11.2,0,13
4279,-11.2,0,13
4280,-11.3,0,14
4281,-10.8,0,9
4282,-11.0,0,11
4283,-10.8,0,9
4284,-10.3,0,4
4285,89.50000000000001,1,6
4286,-10.4,0,5
4287,89.10000000000004,1,10
4288,-10.0,0,1
4289,-10.0,0,1
4290,-11.0,0,11
4291,-10.2,0,3
4292,-10.5,0,6
4293,-12.100000000000001,0,22
4294,-10.4,0,5
4295,-10.3,0,4
4296,-10.0,0,1
4297,-10.8,0,9
4298,-13.200000000000001,0,33
4299,-10.0,0,1
4300,-10.2,0,3
4301,-10.2,0,3
4302,-11.9,0,20
4303,-10.2,0,3
4304,-10.7,0,8
4305,-10.9,0,10
4306,-10.2,0,3
4307,-10.2,0,3
4308,-10.0,0,1
4309,-10.8,0,9
4310,-10.2,0,3
4311,-10.8,0,9
4312,-10.2,0,3
4313,-10.8,0,9
4314,-10.3,0,4
4315,-10.0,0,1
4316,-11.1,0,12
4317,-10.9,0,10
4318,-11.2,0,13
4319,-10.1,0,2
4320,-10.5,0,6
4321,-11.0,0,11
4322,-11.0,0,11
4323,-10.4,0,5
4324,-12.3,0,24
4325,-10.1,0,2
4326,-11.4,0,15
4327,-11.3,0,14
4328,-10.2,0,3
4329,-10.7,0,8
4330,-11.3,0,14
4331,-10.3,0,4
4332,-11.8,0,19
4333,89.9,1,2
4334,-11.4,0,15
4335,-10.2,0,3
4336,-12.200000000000001,0,23
4337,-12.900000000000002,0,30
4338,-10.5,0,6
4339,-10.9,0,10
4340,-10.6,0,7
4341,-10.1,0,2
4342,-10.6,0,7
4343,-10.7,0,8
4344,-10.3,0,4
4345,-10.2,0,3
4346,-11.0,0,11
4347,-10.5,0,6
4348,-10.3,0,4
4349,-10.8,0,9
4350,-10.3,0,4
4351,-10.5,0,6
4352,-10.0,0,1
4353,-10.6,0,7
4354,-10.1,0,2
4355,-12.0,0,21
4356,-10.6,0,7
4357,-11.0,0,11
4358,-11.5,0,16
4359,-10.2,0,3
4360,88.80000000000003,1,13
4361,-10.2,0,3
4362,-10.6,0,7
4363,-10.8,0,9
4364,-12.700000000000001,0,28
4365,-11.1,0,12
4366,-11.4,0,15
4367,-10.1,0,2
4368,287.7999999999997,3,23
4369,-10.8,0,9
4370,87.80000000000005,1,23
4371,-10.2,0,3
4372,-10.8,0,9
4373,-10.6,0,7
4374,-10.3,0,4
4375,-10.9,0,10
4376,-11.5,0,16
4377,-10.8,0,9
4378,-10.5,0,6
4379,-10.6,0,7
4380,-10.4,0,5
4381,-10.4,0,5
4382,-10.9,0,10
4383,-11.1,0,12
4384,-10.7,0,8
4385,-10.8,0,9
4386,-11.2,0,13
4387,88.60000000000004,1,15
4388,-10.3,0,4
4389,-12.3,0,24
4390,-11.9,0,20
4391,-11.1,0,12
4392,-10.6,0,7
4393,-10.8,0,9
4394,-10.3,0,4
4395,-10.8,0,9
4396,-12.200000000000001,0,23
4397,-11.0,0,11
4398,-11.4,0,15
4399,89.00000000000003,1,11
4400,-11.1,0,12
4401,-10.3,0,4
4402,88.40000000000002,1,17
4403,-10.4,0,5
4404,-11.4,0,15
4405,-10.0,0,1
4406,-10.4,0,5
4407,-10.0,0,1
4408,-10.0,0,1
4409,-10.6,0,7
4410,87.9,1,22
4411,-10.2,0,3
4412,-10.4,0,5
4413,-11.5,0,16
4414,-10.4,0,5
4415,-10.1,0,2
4416,-10.1,0,2
4417,-10.6,0,7
4418,-11.1,0,12
4419,-10.2,0,3
4420,-11.3,0,14
4421,-10.8,0,9
4422,-10.4,0,5
4423,-11.2,0,13
4424,-10.6,0,7
4425,-11.2,0,13
4426,-11.1,0,12
4427,-10.9,0,10
4428,-10.2,0,3
4429,-11.0,0,11
4430,-11.2,0,13
4431,-10.7,0,8
4432,-11.2,0,13
4433,-11.0,0,11
4434,-11.6,0,17
4435,-10.6,0,7
4436,-11.5,0,16
4437,-11.0,0,11
4438,-10.0,0,1
4439,-11.4,0,15
4440,-10.0,0,1
4441,-10.8,0,9
4442,88.30000000000001,1,18
4443,-10.3,0,4
4444,-10.9,0,10
4445,-10.7,0,8
4446,89.20000000000002,1,9
4447,88.70000000000007,1,14
4448,-10.7,0,8
4449,-10.4,0,5
4450,-10.8,0,9
4451,88.10000000000005,1,20
4452,-10.9,0,10
4453,-10.3,0,4
4454,-10.4,0,5
4455,-10.8,0,9
4456,-10.7,0,8
4457,-10.0,0,1
4458,-11.0,0,11
4459,-10.3,0,4
4460,86.80000000000013,1,33
4461,88.20000000000002,1,19
4462,-10.4,0,5
4463,-10.2,0,3
4464,89.70000000000002,1,4
4465,-10.5,0,6
4466,-10.0,0,1
4467,-11.6,0,17
4468,-10.1,0,2
4469,-10.3,0,4
4470,-13.400000000000002,0,35
4471,-11.700000000000001,0,18
4472,-10.2,0,3
4473,-10.7,0,8
4474,89.20000000000003,1,9
4475,-12.900000000000002,0,30
4476,-12.200000000000001,0,23
4477,-11.0,0,11
4478,-10.0,0,1
4479,-11.3,0,14
4480,-10.1,0,2
4481,-10.8,0,9
4482,-10.2,0,3
4483,-10.9,0,10
4484,88.60000000000004,1,15
4485,89.9,1,2
4486,-11.8,0,19
4487,88.70000000000003,1,14
4488,88.60000000000007,1,15
4489,-12.100000000000001,0,22
4490,-10.9,0,10
4491,-15.799999999999995,0,59
4492,-11.4,0,15
4493,-10.0,0,1
4494,-10.6,0,7
4495,-10.1,0,2
4496,-11.0,0,11
4497,-10.6,0,7
4498,89.0,1,11
4499,-10.7,0,8
4500,-10.6,0,7
4501,-11.4,0,15
4502,-10.6,0,7
4503,-12.4,0,25
4504,-10.0,0,1
4505,-11.0,0,11
4506,-10.7,0,8
4507,-10.7,0,8
4508,-10.2,0,3
4509,-10.7,0,8
4510,-11.700000000000001,0,18
4511,-10.8,0,9
4512,-10.3,0,4
4513,-12.200000000000001,0,23
4514,-10.6,0,7
4515,-10.9,0,10
4516,-11.1,0,12
4517,-11.5,0,16
4518,-10.9,0,10
4519,87.90000000000003,1,22
4520,-10.8,0,9
4521,-10.3,0,4
4522,-11.0,0,11
4523,-10.3,0,4
4524,-10.5,0,6
4525,-11.2,0,13
4526,-11.5,0,16
4527,-10.8,0,9
4528,-10.0,0,1
4529,-11.8,0,19
4530,-11.8,0,19
4531,-10.0,0,1
4532,-10.5,0,6
4533,-11.0,0,11
4534,-12.200000000000001,0,23
4535,-11.0,0,11
4536,-10.0,0,1
4537,-10.1,0,2
4538,-11.1,0,12
4539,-10.9,0,10
4540,-10.9,0,10
4541,89.20000000000003,1,9
4542,-10.2,0,3
4543,-10.6,0,7
4544,88.80000000000004,1,13
4545,-10.2,0,3
4546,88.70000000000006,1,14
4547,-10.0,0,1
4548,88.30000000000007,1,18
4549,-12.200000000000001,0,23
4550,-11.0,0,11
4551,89.10000000000004,1,10
4552,-11.1,0,12
4553,-11.6,0,17
4554,-10.8,0,9
4555,-12.3,0,24
4556,-10.1,0,2
4557,-11.0,0,11
4558,-10.2,0,3
4559,-10.4,0,5
4560,-10.9,0,10
4561,188.50000000000006,2,16
4562,87.9000000000001,1,22
4563,-12.3,0,24
4564,-10.0,0,1
4565,-10.1,0,2
4566,-10.7,0,8
4567,-10.3,0,4
4568,-10.5,0,6
4569,-10.8,0,9
4570,-11.9,0,20
4571,-10.1,0,2
4572,-10.7,0,8
4573,-11.0,0,11
4574,-10.2,0,3
4575,-10.2,0,3
4576,-10.6,0,7
4577,-10.5,0,6
4578,-10.1,0,2
4579,-10.7,0,8
4580,88.70000000000002,1,14
4581,-11.5,0,16
4582,87.10000000000008,1,30
4583,-10.1,0,2
4584,89.30000000000003,1,8
4585,-10.3,0,4
4586,-10.3,0,4
4587,-10.5,0,6
4588,-11.4,0,15
4589,88.20000000000002,1,19
4590,-10.7,0,8
4591,-12.100000000000001,0,22
4592,-10.9,0,10
4593,-11.0,0,11
4594,-10.6,0,7
4595,-12.200000000000001,0,23
4596,-10.9,0,10
4597,-10.6,0,7
4598,-10.4,0,5
4599,-10.4,0,5
4600,-10.7,0,8
4601,-10.8,0,9
4602,-10.2,0,3
4603,-10.9,0,10
4604,-11.2,0,13
4605,-11.1,0,12
4606,87.90000000000009,1,22
4607,-10.0,0,1
4608,-10.4,0,5
4609,-10.2,0,3
4610,-10.9,0,10
4611,88.80000000000004,1,13
4612,-10.2,0,3
4613,-10.8,0,9
4614,-10.0,0,1
4615,-12.200000000000001,0,23
4616,-11.2,0,13
4617,-11.2,0,13
4618,-10.4,0,5
4619,-10.8,0,9
4620,-10.9,0,10
4621,-11.4,0,15
4622,-10.4,0,5
4623,-11.6,0,17
4624,-10.6,0,7
4625,-10.0,0,1
4626,-10.8,0,9
4627,-13.700000000000003,0,38
4628,-10.4,0,5
4629,89.10000000000005,1,10
4630,-11.0,0,11
4631,-10.6,0,7
4632,-10.1,0,2
4633,-10.0,0,1
4634,-11.6,0,17
4635,88.90000000000002,1,12
4636,-12.700000000000001,0,28
4637,-12.200000000000001,0,23
4638,-10.4,0,5
4639,-10.9,0,10
4640,89.30000000000003,1,8
4641,-10.9,0,10
4642,89.20000000000005,1,9
4643,-11.2,0,13
4644,-11.0,0,11
4645,-11.4,0,15
4646,-11.0,0,11
4647,-12.0,0,21
4648,-10.3,0,4
4649,-10.3,0,4
4650,-10.5,0,6
4651,-13.100000000000001,0,32
4652,-10.4,0,5
4653,-10.3,0,4
4654,-11.8,0,19
4655,-11.6,0,17
4656,-10.1,0,2
4657,89.10000000000001,1,10
4658,-11.2,0,13
4659,-11.8,0,19
4660,-10.9,0,10
4661,-10.1,0,2
4662,-10.8,0,9
4663,-10.6,0,7
4664,88.30000000000004,1,18
4665,-10.1,0,2
4666,-12.600000000000001,0,27
4667,-11.4,0,15
4668,-10.8,0,9
4669,-10.2,0,3
4670,-11.1,0,12
4671,-10.6,0,7
4672,86.20000000000014,1,39
4673,-10.9,0,10
4674,88.40000000000006,1,17
4675,-11.700000000000001,0,18
4676,-10.3,0,4
4677,188.00000000000009,2,21
4678,-10.0,0,1
4679,-10.6,0,7
4680,88.3000000000001,1,18
4681,89.0,1,11
4682,-10.4,0,5
4683,-10.7,0,8
4684,-11.3,0,14
4685,-12.3,0,24
4686,-10.9,0,10
4687,-12.0,0,21
4688,-10.8,0,9
4689,-10.9,0,10
4690,-12.700000000000001,0,28
4691,-11.1,0,12
4692,-10.6,0,7
4693,-10.4,0,5
4694,-10.5,0,6
4695,-10.5,0,6
4696,-10.5,0,6
4697,-10.9,0,10
4698,-10.0,0,1
4699,182.90000000000038,2,72
4700,-10.5,0,6
4701,-11.4,0,15
4702,-10.2,0,3
4703,-11.3,0,14
4704,89.80000000000001,1,3
4705,-10.9,0,10
4706,-10.6,0,7
4707,-11.5,0,16
4708,-13.200000000000001,0,33
4709,-11.6,0,17
4710,-10.2,0,3
4711,187.00000000000009,2,31
4712,88.20000000000006,1,19
4713,-10.3,0,4
4714,-11.4,0,15
4715,-10.3,0,4
4716,-10.8,0,9
4717,-11.5,0,16
4718,-11.5,0,16
4719,-10.1,0,2
4720,-11.0,0,11
4721,89.70000000000002,1,4
4722,-10.1,0,2
4723,-11.700000000000001,0,18
4724,-10.5,0,6
4725,88.90000000000002,1,12
4726,-10.2,0,3
4727,-11.5,0,16
4728,86.40000000000006,1,37
4729,-10.2,0,3
4730,-10.6,0,7
4731,-11.5,0,16
4732,-10.5,0,6
4733,-10.1,0,2
4734,-10.4,0,5
4735,-10.9,0,10
4736,-10.6,0,7
4737,-15.099999999999998,0,52
4738,-10.7,0,8
4739,-10.1,0,2
4740,-10.3,0,4
4741,-11.0,0,11
4742,-10.2,0,3
4743,-10.9,0,10
4744,88.40000000000005,1,17
4745,-10.1,0,2
4746,-10.0,0,1
4747,-10.5,0,6
4748,88.50000000000004,1,16
4749,-10.5,0,6
4750,-11.6,0,17
4751,-10.6,0,7
4752,-11.5,0,16
4753,-10.7,0,8
4754,-10.8,0,9
4755,-12.0,0,21
4756,-11.3,0,14
4757,-11.3,0,14
4758,-10.6,0,7
4759,-10.0,0,1
4760,-10.7,0,8
4761,86.90000000000005,1,32
4762,-12.4,0,25
4763,-11.4,0,15
4764,-11.3,0,14
4765,-10.5,0,6
4766,-10.6,0,7
4767,-10.5,0,6
4768,89.4,1,7
4769,-10.6,0,7
4770,-10.3,0,4
4771,-10.4,0,5
4772,-11.0,0,11
4773,-10.4,0,5
4774,-11.1,0,12
4775,-11.0,0,11
4776,89.50000000000001,1,6
4777,-10.0,0,1
4778,86.90000000000005,1,32
4779,-10.9,0,10
4780,-10.7,0,8
4781,88.70000000000006,1,14
4782,-10.5,0,6
4783,-11.4,0,15
4784,-10.6,0,7
4785,-10.9,0,10
4786,-10.7,0,8
4787,-10.3,0,4
4788,88.80000000000001,1,13
4789,-10.1,0,2
4790,-10.3,0,4
4791,-11.3,0,14
4792,-11.3,0,14
4793,-10.1,0,2
4794,89.80000000000001,1,3
4795,-10.6,0,7
4796,-10.2,0,3
4797,-10.8,0,9
4798,-10.6,0,7
4799,-10.1,0,2
4800,-13.000000000000002,0,31
4801,-10.6,0,7
4802,-11.0,0,11
4803,-10.9,0,10
4804,-10.0,0,1
4805,-12.0,0,21
4806,89.70000000000002,1,4
4807,-11.1,0,12
4808,88.00000000000006,1,21
4809,-10.3,0,4
4810,-11.0,0,11
4811,-12.0,0,21
4812,-10.7,0,8
4813,-10.1,0,2
4814,-11.2,0,13
4815,-10.1,0,2
4816,-11.9,0,20
4817,-10.6,0,7
4818,-10.5,0,6
4819,-10.7,0,8
4820,-10.1,0,2
4821,-10.8,0,9
4822,88.90000000000002,1,12
4823,-11.8,0,19
4824,88.90000000000003,1,12
4825,-10.7,0,8
4826,-10.8,0,9
4827,-10.4,0,5
4828,-11.6,0,17
4829,-10.9,0,10
4830,-12.200000000000001,0,23
4831,-11.2,0,13
4832,-10.9,0,10
4833,87.20000000000002,1,29
4834,-11.6,0,17
4835,-11.2,0,13
4836,-10.2,0,3
4837,-11.3,0,14
4838,-10.0,0,1
4839,-10.9,0,10
4840,-10.3,0,4
4841,-11.1,0,12
4842,-10.4,0,5
4843,-10.7,0,8
4844,-10.0,0,1
4845,87.80000000000001,1,23
4846,-10.8,0,9
4847,-10.0,0,1
4848,-11.2,0,13
4849,-10.0,0,1
4850,-11.0,0,11
4851,-10.0,0,1
4852,-11.0,0,11
4853,-10.6,0,7
4854,-10.2,0,3
4855,-10.5,0,6
4856,-11.2,0,13
4857,-11.2,0,13
4858,-10.0,0,1
4859,-10.4,0,5
4860,-10.3,0,4
4861,-11.700000000000001,0,18
4862,-11.2,0,13
4863,-11.3,0,14
4864,-11.8,0,19
4865,-10.6,0,7
4866,87.90000000000003,1,22
4867,89.50000000000001,1,6
4868,-10.4,0,5
4869,-10.0,0,1
4870,-10.5,0,6
4871,-11.8,0,19
4872,-10.7,0,8
4873,-11.0,0,11
4874,-11.0,0,11
4875,-10.7,0,8
4876,-11.0,0,11
4877,-11.0,0,11
4878,-10.0,0,1
4879,-11.3,0,14
4880,-11.0,0,11
4881,-10.6,0,7
4882,-10.6,0,7
4883,-10.2,0,3
4884,89.40000000000002,1,7
4885,-10.0,0,1
4886,-10.6,0,7
4887,88.60000000000001,1,15
4888,-10.7,0,8
4889,-10.1,0,2
4890,-10.9,0,10
4891,-10.6,0,7
4892,-10.8,0,9
4893,188.60000000000005,2,15
4894,-10.0,0,1
4895,-10.6,0,7
4896,-10.4,0,5
4897,89.10000000000004,1,10
4898,88.60000000000001,1,15
4899,-10.7,0,8
4900,-11.2,0,13
4901,-10.2,0,3
4902,-10.3,0,4
4903,89.10000000000004,1,10
4904,-11.8,0,19
4905,-10.1,0,2
4906,89.7,1,4
4907,189.10000000000005,2,10
4908,-12.100000000000001,0,22
4909,-10.3,0,4
4910,-10.0,0,1
4911,-10.0,0,1
4912,-10.6,0,7
4913,-10.3,0,4
4914,89.40000000000002,1,7
4915,-10.7,0,8
4916,-10.9,0,10
4917,-12.3,0,24
4918,84.10000000000001,1,60
4919,-10.7,0,8
4920,-10.9,0,10
4921,-10.2,0,3
4922,-13.000000000000002,0,31
4923,-12.900000000000002,0,30
4924,-11.2,0,13
4925,-11.1,0,12
4926,89.50000000000003,1,6
4927,-11.0,0,11
4928,88.20000000000007,1,19
4929,-10.7,0,8
4930,-10.9,0,10
4931,-10.4,0,5
4932,-10.1,0,2
4933,-10.0,0,1
4934,-11.9,0,20
4935,-10.8,0,9
4936,-10.3,0,4
4937,88.00000000000009,1,21
4938,-11.700000000000001,0,18
4939,-10.6,0,7
4940,-10.5,0,6
4941,-10.5,0,6
4942,-11.6,0,17
4943,-10.0,0,1
4944,-10.9,0,10
4945,-11.0,0,11
4946,-10.8,0,9
4947,-11.0,0,11
4948,-10.8,0,9
4949,88.00000000000009,1,21
4950,-10.3,0,4
4951,-10.5,0,6
4952,-11.4,0,15
4953,86.90000000000015,1,32
4954,88.50000000000007,1,16
4955,-10.0,0,1
4956,-10.9,0,10
4957,-10.4,0,5
4958,-11.5,0,16
4959,-10.1,0,2
4960,89.00000000000003,1,11
4961,-10.0,0,1
4962,-10.5,0,6
4963,-10.2,0,3
4964,-11.1,0,12
4965,-10.5,0,6
4966,-13.900000000000002,0,40
4967,-10.5,0,6
4968,-10.6,0,7
4969,-10.4,0,5
4970,-11.0,0,11
4971,-10.2,0,3
4972,-10.7,0,8
4973,-10.6,0,7
4974,89.70000000000002,1,4
4975,-10.1,0,2
4976,-10.8,0,9
4977,-10.1,0,2
4978,-10.5,0,6
4979,-12.200000000000001,0,23
4980,-11.700000000000001,0,18
4981,187.20000000000002,2,29
4982,-10.7,0,8
4983,188.4000000000001,2,17
4984,88.40000000000005,1,17
4985,-10.7,0,8
4986,-11.2,0,13
4987,-10.5,0,6
4988,-10.7,0,8
4989,-10.7,0,8
4990,-11.3,0,14
4991,-10.8,0,9
4992,-10.1,0,2
4993,-10.6,0,7
4994,-10.0,0,1
4995,-12.900000000000002,0,30
4996,-11.3,0,14
4997,-11.3,0,14
4998,-11.4,0,15
4999,-11.1,0,12
